name,category,code,unit,brand,vendor,image_url,is_active,created_by,quantity,branch,description
White (ECO) (Bright White),PLASTISOL,2000,KG,COLOURPLUS,null,,true,Sreeram,0,SREE RAMRAJ DYES & CHEMICALS,
White (ECO LDW) (Natural White),PLASTISOL,2001,KG,COLOURPLUS,null,,true,Sreeram,0,SREE RAMRAJ DYES & CHEMICALS,
White (LSW) (Bright White),PLASTISOL,2002,KG,COLOURPLUS,null,,true,Sreeram,0,SREE RAMRAJ DYES & CHEMICALS,
White (LDW) (Natural White),PLASTISOL,2003,KG,COLOURPLUS,null,,true,Sreeram,0,SREE RAMRAJ DYES & CHEMICALS,
Litho Backup White,PLASTISOL,2004,KG,COLOURPLUS,null,,true,Sreeram,0,SREE RAMRAJ DYES & CHEMICALS,
Black,PLASTISOL,2005,KG,COLOURPLUS,null,,true,Sreeram,0,SREE RAMRAJ DYES & CHEMICALS,
Colours,PLASTISOL,2006,KG,COLOURPLUS,null,,true,Sreeram,0,SREE RAMRAJ DYES & CHEMICALS,
New High Density,PLASTISOL,2007,KG,COLOURPLUS,null,,true,Sreeram,0,SREE RAMRAJ DYES & CHEMICALS,
High Density Black,PLASTISOL,2008,KG,COLOURPLUS,null,,true,Sreeram,0,SREE RAMRAJ DYES & CHEMICALS,
High Density White,PLASTISOL,2009,KG,COLOURPLUS,null,,true,Sreeram,0,SREE RAMRAJ DYES & CHEMICALS,
New Foam,PLASTISOL,2010,KG,COLOURPLUS,null,,true,Sreeram,0,SREE RAMRAJ DYES & CHEMICALS,
Violet,PLASTISOL,2011,KG,COLOURPLUS,null,,true,Sreeram,0,SREE RAMRAJ DYES & CHEMICALS,
DK. Pink,PLASTISOL,2012,KG,COLOURPLUS,null,,true,Sreeram,0,SREE RAMRAJ DYES & CHEMICALS,
T.Gel,PLASTISOL,2013,KG,COLOURPLUS,null,,true,Sreeram,0,SREE RAMRAJ DYES & CHEMICALS,
NR Glitter gel,PLASTISOL,2014,KG,COLOURPLUS,null,,true,Sreeram,0,SREE RAMRAJ DYES & CHEMICALS,
Soft Base,PLASTISOL,2015,KG,COLOURPLUS,null,,true,Sreeram,0,SREE RAMRAJ DYES & CHEMICALS,
Flock Gum,PLASTISOL,2016,KG,COLOURPLUS,null,,true,Sreeram,0,SREE RAMRAJ DYES & CHEMICALS,
Fl. All Colours,PLASTISOL,2017,KG,COLOURPLUS,null,,true,Sreeram,0,SREE RAMRAJ DYES & CHEMICALS,
Mixing Reducer,PLASTISOL,2018,KG,COLOURPLUS,null,,true,Sreeram,0,SREE RAMRAJ DYES & CHEMICALS,
Thickener Powder,PRINTING ADD ON,2019,KG,-,null,,true,Sreeram,0,SREE RAMRAJ DYES & CHEMICALS,
1412 SHINING GEL,TPL,2020,KG,-,null,,true,Sreeram,0,SREE RAMRAJ DYES & CHEMICALS,
 WHITE,TPL,2021,KG,GRAFCO,null,,true,Sreeram,0,SREE RAMRAJ DYES & CHEMICALS,
 PT WHITE,TPL,2022,KG,GRAFCO,null,,true,Sreeram,0,SREE RAMRAJ DYES & CHEMICALS,
 LDW WHITE (NATURAL WHITE),TPL,2023,KG,GRAFCO,null,,true,Sreeram,0,SREE RAMRAJ DYES & CHEMICALS,
 271 OPAQUE WHITE,TPL,2024,KG,GRAFCO,null,,true,Sreeram,0,SREE RAMRAJ DYES & CHEMICALS,
BLACK,TPL,2025,KG,GRAFCO,null,,true,Sreeram,0,SREE RAMRAJ DYES & CHEMICALS,
PT BLACK,TPL,2026,KG,GRAFCO,null,,true,Sreeram,0,SREE RAMRAJ DYES & CHEMICALS,
PT LITHO BACK UP WHITE,TPL,2027,KG,GRAFCO,null,,true,Sreeram,0,SREE RAMRAJ DYES & CHEMICALS,
ORANGE,TPL,2028,KG,GRAFCO,null,,true,Sreeram,0,SREE RAMRAJ DYES & CHEMICALS,
KELLY GREEN,TPL,2029,KG,GRAFCO,null,,true,Sreeram,0,SREE RAMRAJ DYES & CHEMICALS,
CARDINAL RED,TPL,2030,KG,GRAFCO,null,,true,Sreeram,0,SREE RAMRAJ DYES & CHEMICALS,
GOLDEN YELLOW,TPL,2031,KG,GRAFCO,null,,true,Sreeram,0,SREE RAMRAJ DYES & CHEMICALS,
LEMON YELLOW,TPL,2032,KG,GRAFCO,null,,true,Sreeram,0,SREE RAMRAJ DYES & CHEMICALS,
ROYAL BLUE,TPL,2033,KG,GRAFCO,null,,true,Sreeram,0,SREE RAMRAJ DYES & CHEMICALS,
NAVY BLUE,TPL,2034,KG,GRAFCO,null,,true,Sreeram,0,SREE RAMRAJ DYES & CHEMICALS,
TURQUISE BLUE,TPL,2035,KG,GRAFCO,null,,true,Sreeram,0,SREE RAMRAJ DYES & CHEMICALS,
VIOLET,TPL,2036,KG,GRAFCO,null,,true,Sreeram,0,SREE RAMRAJ DYES & CHEMICALS,
TRANSFER GEL,TPL,2037,KG,GRAFCO,null,,true,Sreeram,0,SREE RAMRAJ DYES & CHEMICALS,
LAKE RED,TPL,2038,KG,GRAFCO,null,,true,Sreeram,0,SREE RAMRAJ DYES & CHEMICALS,
BLOOD RED,TPL,2039,KG,GRAFCO,null,,true,Sreeram,0,SREE RAMRAJ DYES & CHEMICALS,
DK.PINK,TPL,2040,KG,GRAFCO,null,,true,Sreeram,0,SREE RAMRAJ DYES & CHEMICALS,
SKY BLUE,TPL,2041,KG,GRAFCO,null,,true,Sreeram,0,SREE RAMRAJ DYES & CHEMICALS,
MIXING AID,TPL,2042,KG,GRAFCO,null,,true,Sreeram,0,SREE RAMRAJ DYES & CHEMICALS,
"PROCESS COLOURS (CYAN, MAJENTHA, YELLOW, BLACK)",TPL,2043,KG,GRAFCO,null,,true,Sreeram,0,SREE RAMRAJ DYES & CHEMICALS,
TPL MATTING AGENT,PRINTING ADD ON,2044,KG,GRAFCO,null,,true,Sreeram,0,SREE RAMRAJ DYES & CHEMICALS,
ZERO TPL HD,TPL,2045,KG,GRAFCO,null,,true,Sreeram,0,SREE RAMRAJ DYES & CHEMICALS,
ZERO TPL FOAM,TPL,2046,KG,GRAFCO,null,,true,Sreeram,0,SREE RAMRAJ DYES & CHEMICALS,
ZERO TPL HD WHITE,TPL,2047,KG,GRAFCO,null,,true,Sreeram,0,SREE RAMRAJ DYES & CHEMICALS,
ZERO TPL HD BLACK,TPL,2048,KG,GRAFCO,null,,true,Sreeram,0,SREE RAMRAJ DYES & CHEMICALS,
4802 IMP. BEADS GEL,TPL,2049,KG,GRAFCO,null,,true,Sreeram,0,SREE RAMRAJ DYES & CHEMICALS,
4801 TPL SHINING GEL,TPL,2050,KG,GRAFCO,null,,true,Sreeram,0,SREE RAMRAJ DYES & CHEMICALS,
4808 HD FOIL GEL,TPL,2051,KG,GRAFCO,null,,true,Sreeram,0,SREE RAMRAJ DYES & CHEMICALS,
TPL GRAFCO 916 ACTIVE TRANSFER GEL,TPL,2052,KG,GRAFCO,null,,true,Sreeram,0,SREE RAMRAJ DYES & CHEMICALS,
CSC POLYGRAY O/B,TPL,2053,KG,GRAFCO,null,,true,Sreeram,0,SREE RAMRAJ DYES & CHEMICALS,
TPL BRIGHT GOLD SIMMER,TPL,2054,KG,GRAFCO,null,,true,Sreeram,0,SREE RAMRAJ DYES & CHEMICALS,
TPL BRIGHT SILVER SIMMER,TPL,2055,KG,GRAFCO,null,,true,Sreeram,0,SREE RAMRAJ DYES & CHEMICALS,
TPL BRIGHT SILVER SIMMER (TRANSFER),TPL,2056,KG,GRAFCO,null,,true,Sreeram,0,SREE RAMRAJ DYES & CHEMICALS,
CRYSTAL GEL ,TPL,2057,KG,GRAFCO,null,,true,Sreeram,0,SREE RAMRAJ DYES & CHEMICALS,
GRAFCO PRINT REMOVER,TPL,2058,KG,GRAFCO,null,,true,Sreeram,0,SREE RAMRAJ DYES & CHEMICALS,
LIQUID THICKNER ,TPL,2059,KG,GRAFCO,null,,true,Sreeram,0,SREE RAMRAJ DYES & CHEMICALS,
STONE HD O/B,TPL,2060,KG,GRAFCO,null,,true,Sreeram,0,SREE RAMRAJ DYES & CHEMICALS,
T.HIDENSITY,TPL,2061,KG,GRAFCO,null,,true,Sreeram,0,SREE RAMRAJ DYES & CHEMICALS,
T.HIDENSITY WHITE,TPL,2062,KG,GRAFCO,null,,true,Sreeram,0,SREE RAMRAJ DYES & CHEMICALS,
D.HIDENSITY,TPL,2063,KG,GRAFCO,null,,true,Sreeram,0,SREE RAMRAJ DYES & CHEMICALS,
USA CLEAR GEL,TPL,2064,KG,GRAFCO,null,,true,Sreeram,0,SREE RAMRAJ DYES & CHEMICALS,
L.HIDENSITY,TPL,2065,KG,GRAFCO,null,,true,Sreeram,0,SREE RAMRAJ DYES & CHEMICALS,
916 FOIL GEL,TPL,2066,KG,GRAFCO,null,,true,Sreeram,0,SREE RAMRAJ DYES & CHEMICALS,
PT TRANSFER GEL,TPL,2067,KG,GRAFCO,null,,true,Sreeram,0,SREE RAMRAJ DYES & CHEMICALS,
TPL OM HIGH DENSITY,TPL,2068,KG,GRAFCO,null,,true,Sreeram,0,SREE RAMRAJ DYES & CHEMICALS,
TPL OM HIGH DENSITY WHITE,TPL,2069,KG,GRAFCO,null,,true,Sreeram,0,SREE RAMRAJ DYES & CHEMICALS,
TPL OM HIGH DENSITY BLACK,TPL,2070,KG,GRAFCO,null,,true,Sreeram,0,SREE RAMRAJ DYES & CHEMICALS,
Water-based softening agent,W/B,8100,KG,B2,null,,true,Sreeram,0,SREE RAMRAJ DYES & CHEMICALS,
High density white rubber paste (Table),W/B,BT-8010,KG,B2,null,,true,Sreeram,0,SREE RAMRAJ DYES & CHEMICALS,
High density clear rubber paste (Table),W/B,BT-8010Y,KG,B2,null,,true,Sreeram,0,SREE RAMRAJ DYES & CHEMICALS,
Machine high density white rubber paste,W/B,BT-8012,KG,B2,null,,true,Sreeram,0,SREE RAMRAJ DYES & CHEMICALS,
Machine high density clear rubber paste,W/B,BT-8012Y,KG,B2,null,,true,Sreeram,0,SREE RAMRAJ DYES & CHEMICALS,
Stone white rubber paste,W/B,BT-8013,KG,B2,null,,true,Sreeram,0,SREE RAMRAJ DYES & CHEMICALS,
Stone clear rubber paste,W/B,BT-8013Y,KG,B2,null,,true,Sreeram,0,SREE RAMRAJ DYES & CHEMICALS,
Glitter paste,W/B,BT-8020A,KG,B2,null,,true,Sreeram,0,SREE RAMRAJ DYES & CHEMICALS,
Anti-foil paste,W/B,BT-8030,KG,B2,null,,true,Sreeram,0,SREE RAMRAJ DYES & CHEMICALS,
Anti-migration white rubber paste,W/B,FS,KG,B2,null,,true,Sreeram,0,SREE RAMRAJ DYES & CHEMICALS,
Cold foil paste,W/B,H-95,KG,B2,null,,true,Sreeram,0,SREE RAMRAJ DYES & CHEMICALS,
Clear rubber paste,W/B,HL-371,KG,B2,null,,true,Sreeram,0,SREE RAMRAJ DYES & CHEMICALS,
High elasticity white rubber paste,W/B,HL-8065A,KG,B2,null,,true,Sreeram,0,SREE RAMRAJ DYES & CHEMICALS,
High elasticity clear rubber paste,W/B,HL-8065YA,KG,B2,null,,true,Sreeram,0,SREE RAMRAJ DYES & CHEMICALS,
High grade machine white rubber paste,W/B,HL-885    ,KG,B2,null,,true,Sreeram,0,SREE RAMRAJ DYES & CHEMICALS,
High grade machine clear rubber paste,W/B,HL-885Y,KG,B2,null,,true,Sreeram,0,SREE RAMRAJ DYES & CHEMICALS,
Normal grade machine clear rubber paste,W/B,HL-886Y,KG,B2,null,,true,Sreeram,0,SREE RAMRAJ DYES & CHEMICALS,
Elastic ribbon white rubber paste,W/B,HN-3,KG,B2,null,,true,Sreeram,0,SREE RAMRAJ DYES & CHEMICALS,
Fixer,W/B,KD,KG,B2,null,,true,Sreeram,0,SREE RAMRAJ DYES & CHEMICALS,
Glossy denim (JEANS) white rubber paste,W/B,KD-1,KG,B2,null,,true,Sreeram,0,SREE RAMRAJ DYES & CHEMICALS,
Matt denim (JEANS) white rubber paste,W/B,KD-2,KG,B2,null,,true,Sreeram,0,SREE RAMRAJ DYES & CHEMICALS,
Matt denim (JEANS) clear rubber paste,W/B,KD-2Y,KG,B2,null,,true,Sreeram,0,SREE RAMRAJ DYES & CHEMICALS,
Glossy denim (JEANS) clear rubber paste,W/B,KD-3,KG,B2,null,,true,Sreeram,0,SREE RAMRAJ DYES & CHEMICALS,
Water-proof nylon white rubber paste with KD Fixer 2%,W/B,PH-107A,KG,B2,null,,true,Sreeram,0,SREE RAMRAJ DYES & CHEMICALS,
Water-proof nylon clear rubber paste with KD Fixer 2%,W/B,PH-107YA,KG,B2,null,,true,Sreeram,0,SREE RAMRAJ DYES & CHEMICALS,
Nylon Rubber White Paste,W/B,PH-107B ,KG,B2,null,,true,Sreeram,0,SREE RAMRAJ DYES & CHEMICALS,
White Rubber paste for silicon coating mercerized cotton 5 KG,W/B,PH-108A,KG,B2,null,,true,Sreeram,0,SREE RAMRAJ DYES & CHEMICALS,
B2 Hot Foil Paste,W/B,H-97,KG,B2,null,,true,Sreeram,0,SREE RAMRAJ DYES & CHEMICALS,
B2 Transfer Flock Gel,W/B,2071,KG,B2,null,,true,Sreeram,0,SREE RAMRAJ DYES & CHEMICALS,
Sublimation Binder,W/B,2072,KG,B2,null,,true,Sreeram,0,SREE RAMRAJ DYES & CHEMICALS,
Glossy white rubber paste,W/B,HL-8066,KG,B2,null,,true,Sreeram,0,SREE RAMRAJ DYES & CHEMICALS,
Glossy clear rubber paste,W/B,HL-8066Y,KG,B2,null,,true,Sreeram,0,SREE RAMRAJ DYES & CHEMICALS,
Denim imitated discharge white paste,W/B,PH-404,KG,B2,null,,true,Sreeram,0,SREE RAMRAJ DYES & CHEMICALS,
Denim imitated discharge clear paste,W/B,PH-405,KG,B2,null,,true,Sreeram,0,SREE RAMRAJ DYES & CHEMICALS,
LM Clear,W/B,2073,KG,B2,null,,true,Sreeram,0,SREE RAMRAJ DYES & CHEMICALS,
Water-based hot melt glue,W/B,PH-001,KG,B2,null,,true,Sreeram,0,SREE RAMRAJ DYES & CHEMICALS,
DIGITAL WHITE W/B,W/B,HL 660,KG,B2,null,,true,Sreeram,0,SREE RAMRAJ DYES & CHEMICALS,
PU MATT COATING,W/B,2074,KG,B2,null,,true,Sreeram,0,SREE RAMRAJ DYES & CHEMICALS,
STONE PUFF,W/B,2075,KG,B2,null,,true,Sreeram,0,SREE RAMRAJ DYES & CHEMICALS,
GLITTER GEL,W/B,SP234,KG,ANTEX,null,,true,Sreeram,0,SREE RAMRAJ DYES & CHEMICALS,
FOIL ADHESIVE,W/B,SP236,KG,ANTEX,null,,true,Sreeram,0,SREE RAMRAJ DYES & CHEMICALS,
REGULATOR,W/B,SP209,KG,ANTEX,null,,true,Sreeram,0,SREE RAMRAJ DYES & CHEMICALS,
FLUORESCENT GREEN,W/B,2076,KG,ANTEX,null,,true,Sreeram,0,SREE RAMRAJ DYES & CHEMICALS,
FLUORESENT YELLOW,W/B,2077,KG,ANTEX,null,,true,Sreeram,0,SREE RAMRAJ DYES & CHEMICALS,
PUFF BASE OB (TPL FOAM),W/B,NF80,KG,ANTEX,null,,true,Sreeram,0,SREE RAMRAJ DYES & CHEMICALS,
FIXER,W/B,2078,KG,ANTEX,null,,true,Sreeram,0,SREE RAMRAJ DYES & CHEMICALS,
WHITE,W/B,XP50,KG,ANTEX,null,,true,Sreeram,0,SREE RAMRAJ DYES & CHEMICALS,
HD WHITE,W/B,2079,KG,ANTEX,null,,true,Sreeram,0,SREE RAMRAJ DYES & CHEMICALS,
HD CLEAR,W/B,2080,KG,ANTEX,null,,true,Sreeram,0,SREE RAMRAJ DYES & CHEMICALS,
BN BINDER,W/B,2081,KG,PIDILITE,null,,true,Sreeram,0,SREE RAMRAJ DYES & CHEMICALS,
PROTON 5000,W/B,2082,KG,PROTON,null,,true,Sreeram,0,SREE RAMRAJ DYES & CHEMICALS,
PRINTOFIX BINDER T20-20FL,W/B,2083,KG,CLARIANT,null,,true,Sreeram,0,SREE RAMRAJ DYES & CHEMICALS,
434 GLITTER BINDER,W/B,2084,KG,-,null,,true,Sreeram,0,SREE RAMRAJ DYES & CHEMICALS,
TABLE THICKNER,W/B,2085,KG,PIDILITE,null,,true,Sreeram,0,SREE RAMRAJ DYES & CHEMICALS,
FIXCER,W/B,2086,KG,PIDILITE,null,,true,Sreeram,0,SREE RAMRAJ DYES & CHEMICALS,
CLARIANT SOFTNER,W/B,2087,KG,CLARIANT,null,,true,Sreeram,0,SREE RAMRAJ DYES & CHEMICALS,
LIQUID AMMONIA (450 ML),W/B,2088,KG,-,null,,true,Sreeram,0,SREE RAMRAJ DYES & CHEMICALS,
EMULSPARY (SOAP OIL),W/B,2089,KG,-,null,,true,Sreeram,0,SREE RAMRAJ DYES & CHEMICALS,
GOLD BINDER GBX,W/B,2090,KG,-,null,,true,Sreeram,0,SREE RAMRAJ DYES & CHEMICALS,
K FLOCK BINDER,W/B,2091,KG,KARAN,null,,true,Sreeram,0,SREE RAMRAJ DYES & CHEMICALS,
IMP. WATER PASTE,W/B,2092,KG,-,null,,true,Sreeram,0,SREE RAMRAJ DYES & CHEMICALS,
WATER PASTE,W/B,2093,KG,-,null,,true,Sreeram,0,SREE RAMRAJ DYES & CHEMICALS,
OIL PASTE,W/B,2094,KG,-,null,,true,Sreeram,0,SREE RAMRAJ DYES & CHEMICALS,
"GOLD BRONZE POWDER, A1",W/B,2095,KG,-,null,,true,Sreeram,0,SREE RAMRAJ DYES & CHEMICALS,
"GOLD BRONZE POWDER, A2",W/B,2096,KG,-,null,,true,Sreeram,0,SREE RAMRAJ DYES & CHEMICALS,
"GOLD BRONZE POWDER, A3",W/B,2097,KG,-,null,,true,Sreeram,0,SREE RAMRAJ DYES & CHEMICALS,
"GOLD BRONZE POWDER, C3",W/B,2098,KG,-,null,,true,Sreeram,0,SREE RAMRAJ DYES & CHEMICALS,
GOLD BRONZE POWDER FX 300,W/B,2099,KG,-,null,,true,Sreeram,0,SREE RAMRAJ DYES & CHEMICALS,
"COPPER POWDER, O2",W/B,2100,KG,-,null,,true,Sreeram,0,SREE RAMRAJ DYES & CHEMICALS,
RED BROWN,W/B,2101,KG,-,null,,true,Sreeram,0,SREE RAMRAJ DYES & CHEMICALS,
UREA,W/B,2102,KG,-,null,,true,Sreeram,0,SREE RAMRAJ DYES & CHEMICALS,
SBS FLOCK GEL,W/B,2103,KG,DUCOL,null,,true,Sreeram,0,SREE RAMRAJ DYES & CHEMICALS,
"ALUMINIUM POWDER (NO. 5, 6 & 7)",W/B,2104,KG,-,null,,true,Sreeram,0,SREE RAMRAJ DYES & CHEMICALS,
DRG GOLD SIMMER,W/B,2105,KG,-,null,,true,Sreeram,0,SREE RAMRAJ DYES & CHEMICALS,
B2 GLITTER BINDER,W/B,2106,KG,-,null,,true,Sreeram,0,SREE RAMRAJ DYES & CHEMICALS,
PIDICRYL BINDER FJN,W/B,2107,KG,-,null,,true,Sreeram,0,SREE RAMRAJ DYES & CHEMICALS,
METALLIC BINDER,W/B,2108,KG,-,null,,true,Sreeram,0,SREE RAMRAJ DYES & CHEMICALS,
FIXER N,W/B,2109,KG,-,null,,true,Sreeram,0,SREE RAMRAJ DYES & CHEMICALS,
SHARPNER,W/B,2110,KG,PIDILITE,null,,true,Sreeram,0,SREE RAMRAJ DYES & CHEMICALS,
GLITTERS,PRINTING ADD ON,2111,KG,-,null,,true,Sreeram,0,SREE RAMRAJ DYES & CHEMICALS,
GLITTERS FIRE SERIES,PRINTING ADD ON,2112,KG,-,null,,true,Sreeram,0,SREE RAMRAJ DYES & CHEMICALS,
GLITTERS FLUORESCENT,PRINTING ADD ON,2113,KG,-,null,,true,Sreeram,0,SREE RAMRAJ DYES & CHEMICALS,
GLITTERS ECO FRIENDLY,PRINTING ADD ON,2114,KG,-,null,,true,Sreeram,0,SREE RAMRAJ DYES & CHEMICALS,
DIRECT WHITE (NATURAL WHITE),NON PVC O/B,2115,KG,GRAFCO,null,,true,Sreeram,0,SREE RAMRAJ DYES & CHEMICALS,
TRANSFER WHITE,NON PVC O/B,2116,KG,GRAFCO,null,,true,Sreeram,0,SREE RAMRAJ DYES & CHEMICALS,
BRIGHT WHITE,NON PVC O/B,2117,KG,GRAFCO,null,,true,Sreeram,0,SREE RAMRAJ DYES & CHEMICALS,
LITHO BACK UP WHITE,NON PVC O/B,2118,KG,GRAFCO,null,,true,Sreeram,0,SREE RAMRAJ DYES & CHEMICALS,
ORANGE,NON PVC O/B,2119,KG,GRAFCO,null,,true,Sreeram,0,SREE RAMRAJ DYES & CHEMICALS,
KELLY GREEN,NON PVC O/B,2120,KG,GRAFCO,null,,true,Sreeram,0,SREE RAMRAJ DYES & CHEMICALS,
BLOOD RED,NON PVC O/B,2121,KG,GRAFCO,null,,true,Sreeram,0,SREE RAMRAJ DYES & CHEMICALS,
LAKE RED,NON PVC O/B,2122,KG,GRAFCO,null,,true,Sreeram,0,SREE RAMRAJ DYES & CHEMICALS,
GOLDEN YELLOW,NON PVC O/B,2123,KG,GRAFCO,null,,true,Sreeram,0,SREE RAMRAJ DYES & CHEMICALS,
LEMON YELLOW,NON PVC O/B,2124,KG,GRAFCO,null,,true,Sreeram,0,SREE RAMRAJ DYES & CHEMICALS,
ROYAL BLUE,NON PVC O/B,2125,KG,GRAFCO,null,,true,Sreeram,0,SREE RAMRAJ DYES & CHEMICALS,
NAVY BLUE,NON PVC O/B,2126,KG,GRAFCO,null,,true,Sreeram,0,SREE RAMRAJ DYES & CHEMICALS,
BLACK,NON PVC O/B,2127,KG,GRAFCO,null,,true,Sreeram,0,SREE RAMRAJ DYES & CHEMICALS,
VIOLET,NON PVC O/B,2128,KG,GRAFCO,null,,true,Sreeram,0,SREE RAMRAJ DYES & CHEMICALS,
T. BLUE,NON PVC O/B,2129,KG,GRAFCO,null,,true,Sreeram,0,SREE RAMRAJ DYES & CHEMICALS,
DIRECT GEL,NON PVC O/B,2130,KG,GRAFCO,null,,true,Sreeram,0,SREE RAMRAJ DYES & CHEMICALS,
TRANSFER GEL,NON PVC O/B,2131,KG,GRAFCO,null,,true,Sreeram,0,SREE RAMRAJ DYES & CHEMICALS,
MIXING REDUCER,NON PVC O/B,2132,KG,GRAFCO,null,,true,Sreeram,0,SREE RAMRAJ DYES & CHEMICALS,
CLEANING REDUCER,NON PVC O/B,2133,KG,GRAFCO,null,,true,Sreeram,0,SREE RAMRAJ DYES & CHEMICALS,
FOAM,NON PVC O/B,2134,KG,GRAFCO,null,,true,Sreeram,0,SREE RAMRAJ DYES & CHEMICALS,
T.HIGH DENSITY BASE,NON PVC O/B,2135,KG,GRAFCO,null,,true,Sreeram,0,SREE RAMRAJ DYES & CHEMICALS,
IT HIGH DENSITY BASE,NON PVC O/B,2136,KG,GRAFCO,null,,true,Sreeram,0,SREE RAMRAJ DYES & CHEMICALS,
POLYGREY,NON PVC O/B,2137,KG,GRAFCO,null,,true,Sreeram,0,SREE RAMRAJ DYES & CHEMICALS,
WHITE AND BLACK HIGH DENSITY,NON PVC O/B,2138,KG,GRAFCO,null,,true,Sreeram,0,SREE RAMRAJ DYES & CHEMICALS,
FLUORESCENT ALL COLOURS,NON PVC O/B,2139,KG,GRAFCO,null,,true,Sreeram,0,SREE RAMRAJ DYES & CHEMICALS,
HI GEL,NON PVC O/B,2140,KG,GRAFCO,null,,true,Sreeram,0,SREE RAMRAJ DYES & CHEMICALS,
CRYSTAL GEL,NON PVC O/B,2141,KG,GRAFCO,null,,true,Sreeram,0,SREE RAMRAJ DYES & CHEMICALS,
NEW JELLY,NON PVC O/B,2142,KG,GRAFCO,null,,true,Sreeram,0,SREE RAMRAJ DYES & CHEMICALS,
FL. PINK,W/B,2143,KG,-,null,,true,Sreeram,0,SREE RAMRAJ DYES & CHEMICALS,
FL. ORANGE,W/B,2144,KG,-,null,,true,Sreeram,0,SREE RAMRAJ DYES & CHEMICALS,
FL. MAJENTHA,W/B,2145,KG,-,null,,true,Sreeram,0,SREE RAMRAJ DYES & CHEMICALS,
FL. GREEN,W/B,2146,KG,-,null,,true,Sreeram,0,SREE RAMRAJ DYES & CHEMICALS,
FL. YELLOW,W/B,2147,KG,-,null,,true,Sreeram,0,SREE RAMRAJ DYES & CHEMICALS,
FL. VIOLET,W/B,2148,KG,-,null,,true,Sreeram,0,SREE RAMRAJ DYES & CHEMICALS,
FL. ROYAL BLUE,W/B,2149,KG,-,null,,true,Sreeram,0,SREE RAMRAJ DYES & CHEMICALS,
FL. PEACOCK BLUE,W/B,2150,KG,-,null,,true,Sreeram,0,SREE RAMRAJ DYES & CHEMICALS,
FL. RED,W/B,2151,KG,-,null,,true,Sreeram,0,SREE RAMRAJ DYES & CHEMICALS,
FOIL PAPER,PRINTING ADD ON,2152,MTR,CROWN,null,,true,Sreeram,0,SREE RAMRAJ DYES & CHEMICALS,
FOIL PAPER,PRINTING ADD ON,2153,MTR,ARROW MARK,null,,true,Sreeram,0,SREE RAMRAJ DYES & CHEMICALS,
FOIL PAPER,PRINTING ADD ON,2154,MTR,BUDS,null,,true,Sreeram,0,SREE RAMRAJ DYES & CHEMICALS,
FOIL PAPER,PRINTING ADD ON,2155,MTR,CHINA FOIL,null,,true,Sreeram,0,SREE RAMRAJ DYES & CHEMICALS,
TRANSFER PAPER 100 GSM,STICKER,2156,KG,-,null,,true,Sreeram,0,SREE RAMRAJ DYES & CHEMICALS,
TRANSFER PAPER 90 GSM,STICKER,2157,KG,-,null,,true,Sreeram,0,SREE RAMRAJ DYES & CHEMICALS,
TRANSFER PAPER 80 GSM,STICKER,2158,KG,-,null,,true,Sreeram,0,SREE RAMRAJ DYES & CHEMICALS,
TRANSFER PAPER 70 GSM,STICKER,2159,KG,-,null,,true,Sreeram,0,SREE RAMRAJ DYES & CHEMICALS,
REFLECTIVE SHEET,STICKER,2160,MTR,-,null,,true,Sreeram,0,SREE RAMRAJ DYES & CHEMICALS,
OFFSET PAPER,STICKER,2161,MTR,-,null,,true,Sreeram,0,SREE RAMRAJ DYES & CHEMICALS,
HEAT TRANSFER FILM,STICKER,2162,MTR,-,null,,true,Sreeram,0,SREE RAMRAJ DYES & CHEMICALS,
DTF FILM ROLL,STICKER,2163,MTR,-,null,,true,Sreeram,0,SREE RAMRAJ DYES & CHEMICALS,
VINYL,STICKER,2164,MTR,-,null,,true,Sreeram,0,SREE RAMRAJ DYES & CHEMICALS,
REFLECTIVE CLEAR SHEET,STICKER,2165,MTR,-,null,,true,Sreeram,0,SREE RAMRAJ DYES & CHEMICALS,
GLOVES SPL (GREEN),PRINTING ADD ON,2166,PCS,-,null,,true,Sreeram,0,SREE RAMRAJ DYES & CHEMICALS,
CURING GLOVES,PRINTING ADD ON,2167,PCS,-,null,,true,Sreeram,0,SREE RAMRAJ DYES & CHEMICALS,
"GLOVES (YELLOW 18"")",PRINTING ADD ON,2168,PCS,-,null,,true,Sreeram,0,SREE RAMRAJ DYES & CHEMICALS,
GLOVES GREEN BIG,PRINTING ADD ON,2169,PCS,-,null,,true,Sreeram,0,SREE RAMRAJ DYES & CHEMICALS,
"GLOVES (YELLOW 22"")",PRINTING ADD ON,2170,PCS,-,null,,true,Sreeram,0,SREE RAMRAJ DYES & CHEMICALS,
WHITE GLOVES,PRINTING ADD ON,2171,PCS,-,null,,true,Sreeram,0,SREE RAMRAJ DYES & CHEMICALS,
PLASTISOL WHITE,PLASTISOL,HS 7667,KG,MICRO-INKS,null,,true,Sreeram,0,SREE RAMRAJ DYES & CHEMICALS,
PLASTISOL BRIGHT WHITE,PLASTISOL,HS 7668,KG,MICRO-INKS,null,,true,Sreeram,0,SREE RAMRAJ DYES & CHEMICALS,
PLASTISOL BLACK,PLASTISOL,HS 7603,KG,MICRO-INKS,null,,true,Sreeram,0,SREE RAMRAJ DYES & CHEMICALS,
PLASTISOL BRIGHT YELLOW,PLASTISOL,HS 7604,KG,MICRO-INKS,null,,true,Sreeram,0,SREE RAMRAJ DYES & CHEMICALS,
PLASTISOL LEMON YELLOW,PLASTISOL,HS 7605,KG,MICRO-INKS,,,true,Sreeram,0,SREE RAMRAJ DYES & CHEMICALS,
PLASTISOL GOLDEN YELLOW,PLASTISOL,HS 7606,KG,MICRO-INKS,null,,true,Sreeram,0,SREE RAMRAJ DYES & CHEMICALS,
PLASTISOL BRIGHT RED,PLASTISOL,HS 7610,KG,MICRO-INKS,,,true,Sreeram,0,SREE RAMRAJ DYES & CHEMICALS,
PLASTISOL DOLPHIN ORANGE,PLASTISOL,HS 7611,KG,MICRO-INKS,null,,true,Sreeram,0,SREE RAMRAJ DYES & CHEMICALS,
PLASTISOL BRIGHT ORANGE,PLASTISOL,HS 7612,KG,MICRO-INKS,null,,true,Sreeram,0,SREE RAMRAJ DYES & CHEMICALS,
PLASTISOL SCARLET RED,PLASTISOL,HS 7616,KG,MICRO-INKS,null,,true,Sreeram,0,SREE RAMRAJ DYES & CHEMICALS,
PLASTISOL NATIONAL RED,PLASTISOL,HS 7617,KG,MICRO-INKS,null,,true,Sreeram,0,SREE RAMRAJ DYES & CHEMICALS,
PLASTISOL CARDINAL RED,PLASTISOL,HS 7618,KG,MICRO-INKS,null,,true,Sreeram,0,SREE RAMRAJ DYES & CHEMICALS,
PLASTISOL MAROON,PLASTISOL,HS 7619,KG,MICRO-INKS,null,,true,Sreeram,0,SREE RAMRAJ DYES & CHEMICALS,
PLASTISOL RHODAMINE RED,PLASTISOL,HS 7620,KG,MICRO-INKS,null,,true,Sreeram,0,SREE RAMRAJ DYES & CHEMICALS,
PLASTISOL PINK,PLASTISOL,HS 7621,KG,MICRO-INKS,null,,true,Sreeram,0,SREE RAMRAJ DYES & CHEMICALS,
PLASTISOL TRUE BLUE,PLASTISOL,HS 7622,KG,MICRO-INKS,null,,true,Sreeram,0,SREE RAMRAJ DYES & CHEMICALS,
PLASTISOL BRIGHT ROYL BLUE,PLASTISOL,HS 7623,KG,MICRO-INKS,null,,true,Sreeram,0,SREE RAMRAJ DYES & CHEMICALS,
PLASTISOL CONTACT BLUE,PLASTISOL,HS 7624,KG,MICRO-INKS,null,,true,Sreeram,0,SREE RAMRAJ DYES & CHEMICALS,
PLASTISOL TURQUOISE BLUE,PLASTISOL,HS 7625,KG,MICRO-INKS,null,,true,Sreeram,0,SREE RAMRAJ DYES & CHEMICALS,
PLASTISOL ROYAL BLUE,PLASTISOL,HS 7626,KG,MICRO-INKS,null,,true,Sreeram,0,SREE RAMRAJ DYES & CHEMICALS,
PLASTISOL DECON BLUE,PLASTISOL,HS 7627,KG,MICRO-INKS,null,,true,Sreeram,0,SREE RAMRAJ DYES & CHEMICALS,
PLASTISOL NAVY BLUE,PLASTISOL,HS 7628,KG,MICRO-INKS,null,,true,Sreeram,0,SREE RAMRAJ DYES & CHEMICALS,
PLASTISOL DARK NAVY BLUE,PLASTISOL,HS 7629,KG,MICRO-INKS,null,,true,Sreeram,0,SREE RAMRAJ DYES & CHEMICALS,
PLASTISOL VIOLET,PLASTISOL,HS 7630,KG,MICRO-INKS,null,,true,Sreeram,0,SREE RAMRAJ DYES & CHEMICALS,
PLASTISOL DALLAS GREEN,PLASTISOL,HS 7634,KG,MICRO-INKS,null,,true,Sreeram,0,SREE RAMRAJ DYES & CHEMICALS,
PLASTISOL KELLY GREEN,PLASTISOL,HS 7635,KG,MICRO-INKS,null,,true,Sreeram,0,SREE RAMRAJ DYES & CHEMICALS,
PLASTISOL LIGHT BROWN,PLASTISOL,HS 7636,KG,MICRO-INKS,null,,true,Sreeram,0,SREE RAMRAJ DYES & CHEMICALS,
PLASTISOL CHOCKLET BROWN,PLASTISOL,HS 7637,KG,MICRO-INKS,null,,true,Sreeram,0,SREE RAMRAJ DYES & CHEMICALS,
PLASTISOL BUFF,PLASTISOL,HS 7638,KG,MICRO-INKS,null,,true,Sreeram,0,SREE RAMRAJ DYES & CHEMICALS,
PLASTISOL FLESH,PLASTISOL,HS 7639,KG,MICRO-INKS,null,,true,Sreeram,0,SREE RAMRAJ DYES & CHEMICALS,
PLASTISOL KHAKI,PLASTISOL,HS 7640,KG,MICRO-INKS,null,,true,Sreeram,0,SREE RAMRAJ DYES & CHEMICALS,
PLASTISOL BRANDYWINE,PLASTISOL,HS 7641,KG,MICRO-INKS,null,,true,Sreeram,0,SREE RAMRAJ DYES & CHEMICALS,
PLASTISOL PURPLE,PLASTISOL,HS 7642,KG,MICRO-INKS,null,,true,Sreeram,0,SREE RAMRAJ DYES & CHEMICALS,
PLASTISOL PISTA GREEN,PLASTISOL,HS 7643,KG,MICRO-INKS,null,,true,Sreeram,0,SREE RAMRAJ DYES & CHEMICALS,
PLASTISOL AQUA,PLASTISOL,HS 7644,KG,MICRO-INKS,null,,true,Sreeram,0,SREE RAMRAJ DYES & CHEMICALS,
PLASTISOL SILVER GREY,PLASTISOL,HS 7645,KG,MICRO-INKS,null,,true,Sreeram,0,SREE RAMRAJ DYES & CHEMICALS,
PLASTISOL STEEL GREY,PLASTISOL,HS 7646,KG,MICRO-INKS,null,,true,Sreeram,0,SREE RAMRAJ DYES & CHEMICALS,
PLASTISOL SPL BASE,PLASTISOL,HS 7648,KG,MICRO-INKS,null,,true,Sreeram,0,SREE RAMRAJ DYES & CHEMICALS,
PLASTISOL BASE,PLASTISOL,HS 7650,KG,MICRO-INKS,null,,true,Sreeram,0,SREE RAMRAJ DYES & CHEMICALS,
PLASTISOL CURABLE THICKNER,PLASTISOL,HS 7655,KG,MICRO-INKS,null,,true,Sreeram,0,SREE RAMRAJ DYES & CHEMICALS,
PLASTISOL HIGH DENSITY OPAQUE,PLASTISOL,HS 7670,KG,MICRO-INKS,null,,true,Sreeram,0,SREE RAMRAJ DYES & CHEMICALS,
LIGHT YELLOW,TPL,TPL-101,KG,MICRO-INKS,null,,true,Sreeram,0,SREE RAMRAJ DYES & CHEMICALS,
MID YELLOW,TPL,TPL-102,KG,MICRO-INKS,null,,true,Sreeram,0,SREE RAMRAJ DYES & CHEMICALS,
MATCH VIOLET,TPL,TPL-141,KG,MICRO-INKS,null,,true,Sreeram,0,SREE RAMRAJ DYES & CHEMICALS,
MATCH TINTING WHITE,TPL,TPL-171,KG,MICRO-INKS,null,,true,Sreeram,0,SREE RAMRAJ DYES & CHEMICALS,
METALIC CLEAR BASE,TPL,TPL-195,KG,MICRO-INKS,null,,true,Sreeram,0,SREE RAMRAJ DYES & CHEMICALS,
PRINTABLE ADHESIVE,TPL,TPL-196,KG,MICRO-INKS,null,,true,Sreeram,0,SREE RAMRAJ DYES & CHEMICALS,
LIGHT BROWN,TPL,TPL-2005,KG,MICRO-INKS,null,,true,Sreeram,0,SREE RAMRAJ DYES & CHEMICALS,
CHOCKLET BROWN,TPL,TPL-2006,KG,MICRO-INKS,null,,true,Sreeram,0,SREE RAMRAJ DYES & CHEMICALS,
BRIGHT YELLOW,TPL,TPL-201,KG,MICRO-INKS,null,,true,Sreeram,0,SREE RAMRAJ DYES & CHEMICALS,
SCARLET RED,TPL,TPL-2011,KG,MICRO-INKS,null,,true,Sreeram,0,SREE RAMRAJ DYES & CHEMICALS,
CARDINAL RED,TPL,TPL-2113,KG,MICRO-INKS,null,,true,Sreeram,0,SREE RAMRAJ DYES & CHEMICALS,
LITHO WHITE,TPL,TPL-1009,KG,MICRO-INKS,null,,true,Sreeram,0,SREE RAMRAJ DYES & CHEMICALS,
KELLY GREEN,TPL,TPL-2114,KG,MICRO-INKS,null,,true,Sreeram,0,SREE RAMRAJ DYES & CHEMICALS,
BRANDYWINE,TPL,TPL-2115,KG,MICRO-INKS,null,,true,Sreeram,0,SREE RAMRAJ DYES & CHEMICALS,
NATIONAL RED,TPL,TPL-2116,KG,MICRO-INKS,null,,true,Sreeram,0,SREE RAMRAJ DYES & CHEMICALS,
BRIGHT ORANGE,TPL,TPL-2121,KG,MICRO-INKS,null,,true,Sreeram,0,SREE RAMRAJ DYES & CHEMICALS,
DARK NAVY BLUE,TPL,TPL-2123,KG,MICRO-INKS,null,,true,Sreeram,0,SREE RAMRAJ DYES & CHEMICALS,
DALLAS GREEN,TPL,TPL-2124,KG,MICRO-INKS,null,,true,Sreeram,0,SREE RAMRAJ DYES & CHEMICALS,
SKY BLUE,TPL,TPL-251,KG,MICRO-INKS,null,,true,Sreeram,0,SREE RAMRAJ DYES & CHEMICALS,
ROYAL BLUE,TPL,TPL-252,KG,MICRO-INKS,null,,true,Sreeram,0,SREE RAMRAJ DYES & CHEMICALS,
NAVY BLUE,TPL,TPL-255,KG,MICRO-INKS,null,,true,Sreeram,0,SREE RAMRAJ DYES & CHEMICALS,
TURQUOISE BLUE,TPL,TPL-257,KG,MICRO-INKS,null,,true,Sreeram,0,SREE RAMRAJ DYES & CHEMICALS,
OPAQUE WHITE,TPL,TPL-271,KG,MICRO-INKS,null,,true,Sreeram,0,SREE RAMRAJ DYES & CHEMICALS,
BRILLIANT WHITE,TPL,TPL-272,KG,MICRO-INKS,null,,true,Sreeram,0,SREE RAMRAJ DYES & CHEMICALS,
LITHO BACKUP WHITE,TPL,TPL-276,KG,MICRO-INKS,null,,true,Sreeram,0,SREE RAMRAJ DYES & CHEMICALS,
DENSE BLACK,TPL,TPL-281,KG,MICRO-INKS,null,,true,Sreeram,0,SREE RAMRAJ DYES & CHEMICALS,
FLOUROSCENT LN. YELLOW,TPL,TPL-501,KG,MICRO-INKS,null,,true,Sreeram,0,SREE RAMRAJ DYES & CHEMICALS,
FLOUROSCENT GN YELLOW,TPL,TPL-502,KG,MICRO-INKS,null,,true,Sreeram,0,SREE RAMRAJ DYES & CHEMICALS,
FLOUROSCENT ORANGE,TPL,TPL-511,KG,MICRO-INKS,null,,true,Sreeram,0,SREE RAMRAJ DYES & CHEMICALS,
FLOUROSCENT RED,TPL,TPL-521,KG,MICRO-INKS,null,,true,Sreeram,0,SREE RAMRAJ DYES & CHEMICALS,
FLOUROSCENT MAJENTHA,TPL,TPL-531,KG,MICRO-INKS,null,,true,Sreeram,0,SREE RAMRAJ DYES & CHEMICALS,
FLOUROSCENT GREEN,TPL,TPL-561,KG,MICRO-INKS,null,,true,Sreeram,0,SREE RAMRAJ DYES & CHEMICALS,
FLOUROSCENT CURABLE REDUCER,TPL,TPL-901,KG,MICRO-INKS,null,,true,Sreeram,0,SREE RAMRAJ DYES & CHEMICALS,
TEXOPLAST TPL WHITE,TPL,TPL-1015,KG,MICRO-INKS,null,,true,Sreeram,0,SREE RAMRAJ DYES & CHEMICALS,
USA TRANSFER GEL,TPL,TPL1002,KG,MICRO-INKS,null,,true,Sreeram,0,SREE RAMRAJ DYES & CHEMICALS,
100 MICRON FILM,PRINTING ADD ON,2172,SHEET,-,null,,true,Sreeram,0,SREE RAMRAJ DYES & CHEMICALS,
150 MICRON FILM,PRINTING ADD ON,8101,SHEET,-,null,,true,Sreeram,0,SREE RAMRAJ DYES & CHEMICALS,
200 MICRON FILM,PRINTING ADD ON,8102,SHEET,-,null,,true,Sreeram,0,SREE RAMRAJ DYES & CHEMICALS,
250 MICRON FILM,PRINTING ADD ON,8103,SHEET,-,null,,true,Sreeram,0,SREE RAMRAJ DYES & CHEMICALS,
300 MICRON FILM,PRINTING ADD ON,8104,SHEET,-,null,,true,Sreeram,0,SREE RAMRAJ DYES & CHEMICALS,
400 MICRON FILM ,PRINTING ADD ON,8105,SHEET,-,null,,true,Sreeram,0,SREE RAMRAJ DYES & CHEMICALS,
50 MICRON FILM,PRINTING ADD ON,8106,SHEET,-,null,,true,Sreeram,0,SREE RAMRAJ DYES & CHEMICALS,
YELLOW GGP,W/B,8107,KG,IMPERON,null,,true,Sreeram,0,SREE RAMRAJ DYES & CHEMICALS,
YELLOW RMP (Golden),W/B,8108,KG,IMPERON,null,,true,Sreeram,0,SREE RAMRAJ DYES & CHEMICALS,
ORANGE KCG,W/B,8109,KG,IMPERON,null,,true,Sreeram,0,SREE RAMRAJ DYES & CHEMICALS,
RED KC BG (DARK RED),W/B,8110,KG,IMPERON,null,,true,Sreeram,0,SREE RAMRAJ DYES & CHEMICALS,
RED GRE,W/B,8111,KG,IMPERON,null,,true,Sreeram,0,SREE RAMRAJ DYES & CHEMICALS,
VIOLET KCB,W/B,8112,KG,IMPERON,null,,true,Sreeram,0,SREE RAMRAJ DYES & CHEMICALS,
NAVY BLUE KCB,W/B,8113,KG,IMPERON,null,,true,Sreeram,0,SREE RAMRAJ DYES & CHEMICALS,
TURQUOISE BLUE KCBD,W/B,8114,KG,IMPERON,null,,true,Sreeram,0,SREE RAMRAJ DYES & CHEMICALS,
BLUE KB,W/B,8115,KG,IMPERON,null,,true,Sreeram,0,SREE RAMRAJ DYES & CHEMICALS,
GREEN KC G,W/B,8116,KG,IMPERON,null,,true,Sreeram,0,SREE RAMRAJ DYES & CHEMICALS,
BLACK KCG,W/B,8117,KG,IMPERON,null,,true,Sreeram,0,SREE RAMRAJ DYES & CHEMICALS,
BLACK KCNG,W/B,8118,KG,IMPERON,null,,true,Sreeram,0,SREE RAMRAJ DYES & CHEMICALS,
RED VIOLET,W/B,8119,KG,IMPERON,null,,true,Sreeram,0,SREE RAMRAJ DYES & CHEMICALS,
RUBINE RED,W/B,8120,KG,IMPERON,null,,true,Sreeram,0,SREE RAMRAJ DYES & CHEMICALS,
BLACK KC HFT,W/B,8121,KG,IMPERON,null,,true,Sreeram,0,SREE RAMRAJ DYES & CHEMICALS,
ORANGE KC RR,W/B,8122,KG,IMPERON,null,,true,Sreeram,0,SREE RAMRAJ DYES & CHEMICALS,
SILICON SUEDE WHITE A,SILICONE,8123,KG,-,null,,true,Sreeram,0,SREE RAMRAJ DYES & CHEMICALS,
SILICON SUEDE WHITE CATALYST B,SILICONE,8124,KG,-,null,,true,Sreeram,0,SREE RAMRAJ DYES & CHEMICALS,
SILICON TRANSCLEAR A ,SILICONE,8125,KG,-,null,,true,Sreeram,0,SREE RAMRAJ DYES & CHEMICALS,
SILICON TRANSCLEAR CATALYST B,SILICONE,8126,KG,-,null,,true,Sreeram,0,SREE RAMRAJ DYES & CHEMICALS,
SILICON SUEDE 600 A,SILICONE,8127,KG,-,null,,true,Sreeram,0,SREE RAMRAJ DYES & CHEMICALS,
SILICON SUEDE 600 CATALYST B,SILICONE,8128,KG,-,null,,true,Sreeram,0,SREE RAMRAJ DYES & CHEMICALS,
EMBOSSING SILICON (BILL 10% CATALYST),SILICONE,8129,KG,-,null,,true,Sreeram,0,SREE RAMRAJ DYES & CHEMICALS,
SILICON 2% HD,SILICONE,8130,KG,-,null,,true,Sreeram,0,SREE RAMRAJ DYES & CHEMICALS,
SILICON 2% GLOSSY,SILICONE,8131,KG,-,null,,true,Sreeram,0,SREE RAMRAJ DYES & CHEMICALS,
(RG 2611) SILICON FOAM,SILICONE,8132,KG,-,null,,true,Sreeram,0,SREE RAMRAJ DYES & CHEMICALS,
SILICON 3% HD,SILICONE,8133,KG,-,null,,true,Sreeram,0,SREE RAMRAJ DYES & CHEMICALS,
DIPPING SILICON (SHINING),SILICONE,8134,KG,-,null,,true,Sreeram,0,SREE RAMRAJ DYES & CHEMICALS,
SL-SP1807 MIRACLE SILAN,SILICONE,8135,KG,-,null,,true,Sreeram,0,SREE RAMRAJ DYES & CHEMICALS,
SILICON COLOUR PIGMENTS,SILICONE,8136,KG,-,null,,true,Sreeram,0,SREE RAMRAJ DYES & CHEMICALS,
SILICON (VIOLET) COLOURS,SILICONE,8137,KG,-,null,,true,Sreeram,0,SREE RAMRAJ DYES & CHEMICALS,
SI-601 MOULDING SILICON (10% CATALYST),SILICONE,8138,KG,-,null,,true,Sreeram,0,SREE RAMRAJ DYES & CHEMICALS,
SILICON THICKENER,SILICONE,8139,KG,-,null,,true,Sreeram,0,SREE RAMRAJ DYES & CHEMICALS,
SILICON MT BASE (STICKER),SILICONE,8140,KG,-,null,,true,Sreeram,0,SREE RAMRAJ DYES & CHEMICALS,
SILICON HOT MELT POWDER,SILICONE,8141,KG,-,null,,true,Sreeram,0,SREE RAMRAJ DYES & CHEMICALS,
HD POWDER (AD – Big) (AF – Small),SILICONE,8142,KG,-,null,,true,Sreeram,0,SREE RAMRAJ DYES & CHEMICALS,
TRANSFER FILM (100 GSM),SILICONE,8143,KG,-,null,,true,Sreeram,0,SREE RAMRAJ DYES & CHEMICALS,
"TRANSFER FILM (100 GSM) (1188, 1183)",SILICONE,8144,KG,-,null,,true,Sreeram,0,SREE RAMRAJ DYES & CHEMICALS,
FIBER HIDING SILICON,SILICONE,8145,KG,-,null,,true,Sreeram,0,SREE RAMRAJ DYES & CHEMICALS,
HORSE RIDING SILICON,SILICONE,8146,KG,-,null,,true,Sreeram,0,SREE RAMRAJ DYES & CHEMICALS,
SILICON REDUCER/THINNER,SILICONE,8147,KG,-,null,,true,Sreeram,0,SREE RAMRAJ DYES & CHEMICALS,
CROSS LINKER SILICONE (BILL 10% OR 5% CATALYST @ 3500),SILICONE,8148,KG,-,null,,true,Sreeram,0,SREE RAMRAJ DYES & CHEMICALS,
SILICON HOT MELT GLUE,SILICONE,8149,KG,-,null,,true,Sreeram,0,SREE RAMRAJ DYES & CHEMICALS,
MATT SILICON (2% CATALYST) (HALF MATT),SILICONE,8150,KG,-,null,,true,Sreeram,0,SREE RAMRAJ DYES & CHEMICALS,
FULL MATT DIPPING SILICON,SILICONE,8151,KG,-,null,,true,Sreeram,0,SREE RAMRAJ DYES & CHEMICALS,
B2 2% HD SILICON,SILICONE,8152,KG,-,null,,true,Sreeram,0,SREE RAMRAJ DYES & CHEMICALS,
B2 GLOSSY SILICON,SILICONE,8153,KG,-,null,,true,Sreeram,0,SREE RAMRAJ DYES & CHEMICALS,
B2 CROSS LINKER SILICONE (BILL 10% CATALYST @ 3500),SILICONE,8154,KG,-,null,,true,Sreeram,0,SREE RAMRAJ DYES & CHEMICALS,
B2 HOT MELT POWDER,SILICONE,8155,KG,-,null,,true,Sreeram,0,SREE RAMRAJ DYES & CHEMICALS,
SILICON HOT MELT GLUE REDUCER,SILICONE,8156,KG,-,null,,true,Sreeram,0,SREE RAMRAJ DYES & CHEMICALS,
WATERPROOF SILICON (BILL 10% CATALYST),SILICONE,8157,KG,-,null,,true,Sreeram,0,SREE RAMRAJ DYES & CHEMICALS,
CONDUCTIVE SILICONE,SILICONE,8158,KG,-,null,,true,Sreeram,0,SREE RAMRAJ DYES & CHEMICALS,
ANTI-MIGRATION SILICONE,SILICONE,8159,KG,-,null,,true,Sreeram,0,SREE RAMRAJ DYES & CHEMICALS,
SILICONE WATER THINNER NEW,SILICONE,8160,KG,-,null,,true,Sreeram,0,SREE RAMRAJ DYES & CHEMICALS,
SILICONE ROUND CORNER,SILICONE,8161,KG,-,null,,true,Sreeram,0,SREE RAMRAJ DYES & CHEMICALS,
SILICON CATALYST,SILICONE,8162,KG,-,null,,true,Sreeram,0,SREE RAMRAJ DYES & CHEMICALS,
SLM MATT 3% CATALYST,SILICONE,8163,KG,-,null,,true,Sreeram,0,SREE RAMRAJ DYES & CHEMICALS,
SILICON DOTTING BASE (2% CATALYST),SILICONE,8164,KG,-,null,,true,Sreeram,0,SREE RAMRAJ DYES & CHEMICALS,
SILICONE OVER SILICONE WHITE,SILICONE,8165,KG,-,null,,true,Sreeram,0,SREE RAMRAJ DYES & CHEMICALS,
SILICONE OVER SILICONE BLACK,SILICONE,8166,KG,-,null,,true,Sreeram,0,SREE RAMRAJ DYES & CHEMICALS,
JL SILICONE HOT MELT POWDER,SILICONE,8167,KG,-,null,,true,Sreeram,0,SREE RAMRAJ DYES & CHEMICALS,
EMBOSSING SILICON A,SILICONE,8168,KG,-,null,,true,Sreeram,0,SREE RAMRAJ DYES & CHEMICALS,
EMBOSSING SILICON B,SILICONE,8169,KG,-,null,,true,Sreeram,0,SREE RAMRAJ DYES & CHEMICALS,
A3 FILM,SCREEN MAKING ACCESSORIES,8170,NOS,TECHNOVA,null,,true,Sreeram,0,SREE RAMRAJ DYES & CHEMICALS,
A4 FILM,SCREEN MAKING ACCESSORIES,8171,NOS,TECHNOVA,null,,true,Sreeram,0,SREE RAMRAJ DYES & CHEMICALS,
BOOSTER,SCREEN MAKING ACCESSORIES,8172,LITRE,TECHNOVA,null,,true,Sreeram,0,SREE RAMRAJ DYES & CHEMICALS,
FIXER 9,SCREEN MAKING ACCESSORIES,8173,NOS,PHOTOKINA,null,,true,Sreeram,0,SREE RAMRAJ DYES & CHEMICALS,
HARDNER A+B,SCREEN MAKING ACCESSORIES,8174,SET,-,null,,true,Sreeram,0,SREE RAMRAJ DYES & CHEMICALS,
SPONGE (PER PIECE),SCREEN MAKING ACCESSORIES,8175,PCS,-,null,,true,Sreeram,0,SREE RAMRAJ DYES & CHEMICALS,
DECOAT POWDER,SCREEN MAKING ACCESSORIES,8176,NOS,-,null,,true,Sreeram,0,SREE RAMRAJ DYES & CHEMICALS,
AMMONIUM BICROMATE,SCREEN MAKING ACCESSORIES,8177,KG,-,null,,true,Sreeram,0,SREE RAMRAJ DYES & CHEMICALS,
CLAMP (PER INCH),SCREEN MAKING ACCESSORIES,8178,INCH,-,null,,true,Sreeram,0,SREE RAMRAJ DYES & CHEMICALS,
KRAFT (1 QUIRE),SCREEN MAKING ACCESSORIES,8179,QUIRE,-,null,,true,Sreeram,0,SREE RAMRAJ DYES & CHEMICALS,
FLEX KIWIK,SCREEN MAKING ACCESSORIES,8180,PCS,-,null,,true,Sreeram,0,SREE RAMRAJ DYES & CHEMICALS,
POLYFIX,SCREEN MAKING ACCESSORIES,8181,KG,-,null,,true,Sreeram,0,SREE RAMRAJ DYES & CHEMICALS,
BELL PIN,SCREEN MAKING ACCESSORIES,8182,NOS,-,null,,true,Sreeram,0,SREE RAMRAJ DYES & CHEMICALS,
BLADE BOX BIG SIZE,SCREEN MAKING ACCESSORIES,8183,PCS,-,null,,true,Sreeram,0,SREE RAMRAJ DYES & CHEMICALS,
BLADE BOX SMALL SIZE,SCREEN MAKING ACCESSORIES,8184,PCS,-,null,,true,Sreeram,0,SREE RAMRAJ DYES & CHEMICALS,
CUTTER SMALL,SCREEN MAKING ACCESSORIES,8185,PCS,-,null,,true,Sreeram,0,SREE RAMRAJ DYES & CHEMICALS,
CUTTER BIG,SCREEN MAKING ACCESSORIES,8186,PCS,-,null,,true,Sreeram,0,SREE RAMRAJ DYES & CHEMICALS,
ELECTRIC MIXER,SCREEN MAKING ACCESSORIES,8187,NOS,-,null,,true,Sreeram,0,SREE RAMRAJ DYES & CHEMICALS,
HOT AIR GUN (DONG CHENG),SCREEN MAKING ACCESSORIES,8188,PCS,-,null,,true,Sreeram,0,SREE RAMRAJ DYES & CHEMICALS,
MIXER ROD,SCREEN MAKING ACCESSORIES,8189,PCS,-,null,,true,Sreeram,0,SREE RAMRAJ DYES & CHEMICALS,
INDOCOL,SCREEN MAKING ACCESSORIES,8190,KG,-,null,,true,Sreeram,0,SREE RAMRAJ DYES & CHEMICALS,
REECOL,SCREEN MAKING ACCESSORIES,8191,KG,-,null,,true,Sreeram,0,SREE RAMRAJ DYES & CHEMICALS,
ALFA REDUCER,SCREEN MAKING ACCESSORIES,8192,LITRE,-,null,,true,Sreeram,0,SREE RAMRAJ DYES & CHEMICALS,
ALFA CHROMO WASH,SCREEN MAKING ACCESSORIES,8193,LITRE,-,null,,true,Sreeram,0,SREE RAMRAJ DYES & CHEMICALS,
NC THINNER (1 LIT.),SCREEN MAKING ACCESSORIES,8194,LITRE,-,null,,true,Sreeram,0,SREE RAMRAJ DYES & CHEMICALS,
CS5 WR BLUE,SCREEN MAKING ACCESSORIES,8195,NOS,PHOTOKINA,null,,true,Sreeram,0,SREE RAMRAJ DYES & CHEMICALS,
CS5 WR RED,SCREEN MAKING ACCESSORIES,8196,NOS,PHOTOKINA,null,,true,Sreeram,0,SREE RAMRAJ DYES & CHEMICALS,
CS5 WR VIOLET,SCREEN MAKING ACCESSORIES,8197,NOS,PHOTOKINA,null,,true,Sreeram,0,SREE RAMRAJ DYES & CHEMICALS,
SENSITIZERS,SCREEN MAKING ACCESSORIES,8198,NOS,PHOTOKINA,null,,true,Sreeram,0,SREE RAMRAJ DYES & CHEMICALS,
CS5 WR/25 KG,SCREEN MAKING ACCESSORIES,8199,NOS,PHOTOKINA,null,,true,Sreeram,0,SREE RAMRAJ DYES & CHEMICALS,
IMAGE MATT,SCREEN MAKING ACCESSORIES,8200,NOS,PHOTOKINA,null,,true,Sreeram,0,SREE RAMRAJ DYES & CHEMICALS,
SHEBRO 234 COATING,SCREEN MAKING ACCESSORIES,8201,NOS,PHOTOKINA,null,,true,Sreeram,0,SREE RAMRAJ DYES & CHEMICALS,
TEXTILE DW,SCREEN MAKING ACCESSORIES,8202,NOS,PHOTOKINA,null,,true,Sreeram,0,SREE RAMRAJ DYES & CHEMICALS,
ULANO QTX,SCREEN MAKING ACCESSORIES,8203,NOS,-,null,,true,Sreeram,0,SREE RAMRAJ DYES & CHEMICALS,
PAPER GUM TAPE,SCREEN MAKING ACCESSORIES,8204,NOS,-,null,,true,Sreeram,0,SREE RAMRAJ DYES & CHEMICALS,
PHOTOSOL VIOLET,SCREEN MAKING ACCESSORIES,8205,NOS,PHOTOKINA,null,,true,Sreeram,0,SREE RAMRAJ DYES & CHEMICALS,
PHOTOTEX CTS,SCREEN MAKING ACCESSORIES,8206,NOS,PHOTOKINA,null,,true,Sreeram,0,SREE RAMRAJ DYES & CHEMICALS,
SHEBRO SPT HV,SCREEN MAKING ACCESSORIES,8207,NOS,PHOTOKINA,null,,true,Sreeram,0,SREE RAMRAJ DYES & CHEMICALS,
PVA POWDER,SCREEN MAKING ACCESSORIES,8208,KG,-,null,,true,Sreeram,0,SREE RAMRAJ DYES & CHEMICALS,
SCREEN OPENER,SCREEN MAKING ACCESSORIES,8209,NOS,-,null,,true,Sreeram,0,SREE RAMRAJ DYES & CHEMICALS,
SILICONE EXTRA,SCREEN MAKING ACCESSORIES,8210,PCS,-,null,,true,Sreeram,0,SREE RAMRAJ DYES & CHEMICALS,
TEEPAL (1 LIT.),PRINTING ADD ON,8211,LITRE,-,null,,true,Sreeram,0,SREE RAMRAJ DYES & CHEMICALS,
TEEPAL (10 LIT.),PRINTING ADD ON,8212,LITRE,-,null,,true,Sreeram,0,SREE RAMRAJ DYES & CHEMICALS,
ODAM (PER INCH),SCREEN MAKING ACCESSORIES,8213,INCH,-,null,,true,Sreeram,0,SREE RAMRAJ DYES & CHEMICALS,
EMERY SHEET,SCREEN MAKING ACCESSORIES,8214,PCS,-,null,,true,Sreeram,0,SREE RAMRAJ DYES & CHEMICALS,
STAG BOND (1 LIT.),SCREEN MAKING ACCESSORIES,8215,LITRE,-,null,,true,Sreeram,0,SREE RAMRAJ DYES & CHEMICALS,
STAG BOND (5 LIT.),SCREEN MAKING ACCESSORIES,8216,LITRE,-,null,,true,Sreeram,0,SREE RAMRAJ DYES & CHEMICALS,
EZYCOAT 828 (10 LIT.),SCREEN MAKING ACCESSORIES,8217,LITRE,-,null,,true,Sreeram,0,SREE RAMRAJ DYES & CHEMICALS,
EZYCOAT 828 (1 LIT.),SCREEN MAKING ACCESSORIES,8218,LITRE,-,null,,true,Sreeram,0,SREE RAMRAJ DYES & CHEMICALS,
SQUEEZEE (PER INCH) (MACHINE),SCREEN MAKING ACCESSORIES,8219,INCH,-,null,,true,Sreeram,0,SREE RAMRAJ DYES & CHEMICALS,
SQUEEZEE SCRAPPER (PER INCH) (MACHINE),SCREEN MAKING ACCESSORIES,8220,INCH,-,null,,true,Sreeram,0,SREE RAMRAJ DYES & CHEMICALS,
SQUEEZEE (PER INCH) (TABLE SCRAPPER),SCREEN MAKING ACCESSORIES,8221,INCH,-,null,,true,Sreeram,0,SREE RAMRAJ DYES & CHEMICALS,
SQUEEZEE (PER INCH) (V SHAPE),SCREEN MAKING ACCESSORIES,8222,INCH,-,null,,true,Sreeram,0,SREE RAMRAJ DYES & CHEMICALS,
SQUEEZEE (PER INCH) 1 INCH,SCREEN MAKING ACCESSORIES,8223,INCH,-,null,,true,Sreeram,0,SREE RAMRAJ DYES & CHEMICALS,
SQUEEZEE RUBBER (PER INCH) U SHAPE,SCREEN MAKING ACCESSORIES,8224,INCH,-,null,,true,Sreeram,0,SREE RAMRAJ DYES & CHEMICALS,
SQUEEZEE (PER INCH) 10 MM,SCREEN MAKING ACCESSORIES,8225,INCH,-,null,,true,Sreeram,0,SREE RAMRAJ DYES & CHEMICALS,
SQUEEZEE (PER INCH) (WHITE V SHAPE SCRAPPER) W/B,SCREEN MAKING ACCESSORIES,8226,INCH,-,null,,true,Sreeram,0,SREE RAMRAJ DYES & CHEMICALS,
SQUEEZEE (PER INCH) (RED V SHAPE SCRAPPER),SCREEN MAKING ACCESSORIES,8227,INCH,-,null,,true,Sreeram,0,SREE RAMRAJ DYES & CHEMICALS,
SQUEEZEE (PER INCH) (WHITE V SHAPE SCRAPPER),SCREEN MAKING ACCESSORIES,8228,INCH,-,null,,true,Sreeram,0,SREE RAMRAJ DYES & CHEMICALS,
ALMINIUM SQUEEZEE (PER INCH),SCREEN MAKING ACCESSORIES,8229,INCH,-,null,,true,Sreeram,0,SREE RAMRAJ DYES & CHEMICALS,
FUSING PAPER (KG),SCREEN MAKING ACCESSORIES,8230,KG,-,null,,true,Sreeram,0,SREE RAMRAJ DYES & CHEMICALS,
FUSING PAPER (IMPORTED),SCREEN MAKING ACCESSORIES,8231,KG,-,null,,true,Sreeram,0,SREE RAMRAJ DYES & CHEMICALS,
IP OIL,SCREEN MAKING ACCESSORIES,8232,NOS,-,null,,true,Sreeram,0,SREE RAMRAJ DYES & CHEMICALS,
LILLY PIN,SCREEN MAKING ACCESSORIES,8233,PCS,-,null,,true,Sreeram,0,SREE RAMRAJ DYES & CHEMICALS,
"LIQUID AMMONIA (PER LIT, 35 LIT PACKING)",SCREEN MAKING ACCESSORIES,8234,LITRE,-,null,,true,Sreeram,0,SREE RAMRAJ DYES & CHEMICALS,
LIQUID AMMONIA (450 ML),SCREEN MAKING ACCESSORIES,8235,NOS,-,null,,true,Sreeram,0,SREE RAMRAJ DYES & CHEMICALS,
PACKING TAPE 1”,SCREEN MAKING ACCESSORIES,8236,PCS,-,null,,true,Sreeram,0,SREE RAMRAJ DYES & CHEMICALS,
PACKING TAPE 2”,SCREEN MAKING ACCESSORIES,8237,PCS,-,null,,true,Sreeram,0,SREE RAMRAJ DYES & CHEMICALS,
PACKING TAPE 3”,SCREEN MAKING ACCESSORIES,8238,PCS,-,null,,true,Sreeram,0,SREE RAMRAJ DYES & CHEMICALS,
PATTI,SCREEN MAKING ACCESSORIES,8239,PCS,-,null,,true,Sreeram,0,SREE RAMRAJ DYES & CHEMICALS,
SCALE (24 INCHES),SCREEN MAKING ACCESSORIES,8240,NOS,-,null,,true,Sreeram,0,SREE RAMRAJ DYES & CHEMICALS,
SCALE (12 INCHES),SCREEN MAKING ACCESSORIES,8241,NOS,-,null,,true,Sreeram,0,SREE RAMRAJ DYES & CHEMICALS,
SCALE (6 INCHES),SCREEN MAKING ACCESSORIES,8242,NOS,-,null,,true,Sreeram,0,SREE RAMRAJ DYES & CHEMICALS,
TRACING FILM,SCREEN MAKING ACCESSORIES,8243,MTR,-,null,,true,Sreeram,0,SREE RAMRAJ DYES & CHEMICALS,
WHITE OIL,SCREEN MAKING ACCESSORIES,8244,PCS,-,null,,true,Sreeram,0,SREE RAMRAJ DYES & CHEMICALS,
FUSING BED – SILICON,SCREEN MAKING ACCESSORIES,8245,PCS,-,null,,true,Sreeram,0,SREE RAMRAJ DYES & CHEMICALS,
FUSING BED – RUBBER,SCREEN MAKING ACCESSORIES,8246,PCS,-,null,,true,Sreeram,0,SREE RAMRAJ DYES & CHEMICALS,
NYLON MESH 20,SCREEN MAKING ACCESSORIES,8247,MTR,-,null,,true,Sreeram,0,SREE RAMRAJ DYES & CHEMICALS,
NYLON MESH 40,SCREEN MAKING ACCESSORIES,8248,MTR,-,null,,true,Sreeram,0,SREE RAMRAJ DYES & CHEMICALS,
NYLON MESH 60,SCREEN MAKING ACCESSORIES,8249,MTR,-,null,,true,Sreeram,0,SREE RAMRAJ DYES & CHEMICALS,
NYLON MESH 80,SCREEN MAKING ACCESSORIES,8250,MTR,-,null,,true,Sreeram,0,SREE RAMRAJ DYES & CHEMICALS,
NYLON MESH 100,SCREEN MAKING ACCESSORIES,8251,MTR,-,null,,true,Sreeram,0,SREE RAMRAJ DYES & CHEMICALS,
NYLON MESH 120,SCREEN MAKING ACCESSORIES,8252,MTR,DATT,null,,true,Sreeram,0,SREE RAMRAJ DYES & CHEMICALS,
NYLON MESH 120 NEW,SCREEN MAKING ACCESSORIES,8253,MTR,-,null,,true,Sreeram,0,SREE RAMRAJ DYES & CHEMICALS,
NYLON MESH 120 SPL,SCREEN MAKING ACCESSORIES,8254,MTR,RESHMI,null,,true,Sreeram,0,SREE RAMRAJ DYES & CHEMICALS,
NYLON MESH 140,SCREEN MAKING ACCESSORIES,8255,MTR,DATT,null,,true,Sreeram,0,SREE RAMRAJ DYES & CHEMICALS,
NYLON MESH 140 BLUE ,SCREEN MAKING ACCESSORIES,8256,MTR,-,null,,true,Sreeram,0,SREE RAMRAJ DYES & CHEMICALS,
NYLON MESH 140 SPL,SCREEN MAKING ACCESSORIES,8257,MTR,RESHMI,null,,true,Sreeram,0,SREE RAMRAJ DYES & CHEMICALS,
NYLON MESH 160,SCREEN MAKING ACCESSORIES,8258,MTR,DATT,null,,true,Sreeram,0,SREE RAMRAJ DYES & CHEMICALS,
NYLON MESH 160 SPL,SCREEN MAKING ACCESSORIES,8259,MTR,RESHMI,null,,true,Sreeram,0,SREE RAMRAJ DYES & CHEMICALS,
NYLON MESH 180,SCREEN MAKING ACCESSORIES,8260,MTR,DATT,null,,true,Sreeram,0,SREE RAMRAJ DYES & CHEMICALS,
NYLON MESH 200,SCREEN MAKING ACCESSORIES,8261,MTR,DATT,null,,true,Sreeram,0,SREE RAMRAJ DYES & CHEMICALS,
NYLON MESH 200 SPL,SCREEN MAKING ACCESSORIES,8262,MTR,-,null,,true,Sreeram,0,SREE RAMRAJ DYES & CHEMICALS,
POLYESTER MESH 40,SCREEN MAKING ACCESSORIES,8263,MTR,-,null,,true,Sreeram,0,SREE RAMRAJ DYES & CHEMICALS,
POLYESTER MESH 60,SCREEN MAKING ACCESSORIES,8264,MTR,-,null,,true,Sreeram,0,SREE RAMRAJ DYES & CHEMICALS,
POLYESTER MESH 80,SCREEN MAKING ACCESSORIES,8265,MTR,-,null,,true,Sreeram,0,SREE RAMRAJ DYES & CHEMICALS,
POLYESTER MESH 100,SCREEN MAKING ACCESSORIES,8266,MTR,-,null,,true,Sreeram,0,SREE RAMRAJ DYES & CHEMICALS,
POLYESTER MESH 120,SCREEN MAKING ACCESSORIES,8267,MTR,DATT,null,,true,Sreeram,0,SREE RAMRAJ DYES & CHEMICALS,
POLYESTER MESH 140,SCREEN MAKING ACCESSORIES,8268,MTR,DATT,null,,true,Sreeram,0,SREE RAMRAJ DYES & CHEMICALS,
POLYESTER MESH 160,SCREEN MAKING ACCESSORIES,8269,MTR,RESHMI,null,,true,Sreeram,0,SREE RAMRAJ DYES & CHEMICALS,
POLYESTER MESH 180,SCREEN MAKING ACCESSORIES,8270,MTR,-,null,,true,Sreeram,0,SREE RAMRAJ DYES & CHEMICALS,
POLYESTER MESH 200,SCREEN MAKING ACCESSORIES,8271,MTR,-,null,,true,Sreeram,0,SREE RAMRAJ DYES & CHEMICALS,
SULZAR MESH 80,SCREEN MAKING ACCESSORIES,8272,MTR,-,null,,true,Sreeram,0,SREE RAMRAJ DYES & CHEMICALS,
SULZAR MESH 100,SCREEN MAKING ACCESSORIES,8273,MTR,DATT,null,,true,Sreeram,0,SREE RAMRAJ DYES & CHEMICALS,
SULZAR MESH 120,SCREEN MAKING ACCESSORIES,8274,MTR,DATT,null,,true,Sreeram,0,SREE RAMRAJ DYES & CHEMICALS,
SULZAR MESH 140,SCREEN MAKING ACCESSORIES,8275,MTR,-,null,,true,Sreeram,0,SREE RAMRAJ DYES & CHEMICALS,
SULZAR MESH 160,SCREEN MAKING ACCESSORIES,8276,MTR,-,null,,true,Sreeram,0,SREE RAMRAJ DYES & CHEMICALS,
SULZAR MESH 180,SCREEN MAKING ACCESSORIES,8277,MTR,-,null,,true,Sreeram,0,SREE RAMRAJ DYES & CHEMICALS,
SULZAR MESH 200,SCREEN MAKING ACCESSORIES,8278,MTR,-,null,,true,Sreeram,0,SREE RAMRAJ DYES & CHEMICALS,
10T POLYESTER (25 MESH),SCREEN MAKING ACCESSORIES,8279,MTR,IMPORTED,null,,true,Sreeram,0,SREE RAMRAJ DYES & CHEMICALS,
12T POLYESTER (30 MESH),SCREEN MAKING ACCESSORIES,8280,MTR,IMPORTED,null,,true,Sreeram,0,SREE RAMRAJ DYES & CHEMICALS,
15T POLYESTER (40 MESH),SCREEN MAKING ACCESSORIES,8281,MTR,IMPORTED,null,,true,Sreeram,0,SREE RAMRAJ DYES & CHEMICALS,
18T POLYESTER (45 MESH),SCREEN MAKING ACCESSORIES,8282,MTR,IMPORTED,null,,true,Sreeram,0,SREE RAMRAJ DYES & CHEMICALS,
24T POLYESTER (60 MESH),SCREEN MAKING ACCESSORIES,8283,MTR,IMPORTED,null,,true,Sreeram,0,SREE RAMRAJ DYES & CHEMICALS,
32T POLYESTER (80 MESH),SCREEN MAKING ACCESSORIES,8284,MTR,IMPORTED,null,,true,Sreeram,0,SREE RAMRAJ DYES & CHEMICALS,
40T POLYESTER (100 MESH),SCREEN MAKING ACCESSORIES,8285,MTR,IMPORTED,null,,true,Sreeram,0,SREE RAMRAJ DYES & CHEMICALS,
48T POLYESTER (120 MESH),SCREEN MAKING ACCESSORIES,8286,MTR,IMPORTED,null,,true,Sreeram,0,SREE RAMRAJ DYES & CHEMICALS,
"54T, 55T POLYESTER (140 MESH)",SCREEN MAKING ACCESSORIES,8287,MTR,IMPORTED,null,,true,Sreeram,0,SREE RAMRAJ DYES & CHEMICALS,
"62T, 64T POLYESTER (160 MESH)",SCREEN MAKING ACCESSORIES,8288,MTR,IMPORTED,null,,true,Sreeram,0,SREE RAMRAJ DYES & CHEMICALS,
72T POLYESTER (180 MESH),SCREEN MAKING ACCESSORIES,8289,MTR,IMPORTED,null,,true,Sreeram,0,SREE RAMRAJ DYES & CHEMICALS,
80T POLYESTER (200 MESH),SCREEN MAKING ACCESSORIES,8290,MTR,IMPORTED,null,,true,Sreeram,0,SREE RAMRAJ DYES & CHEMICALS,
120T POLYESTER YELLOW (300 MESH),SCREEN MAKING ACCESSORIES,8291,MTR,IMPORTED,null,,true,Sreeram,0,SREE RAMRAJ DYES & CHEMICALS,
A101 TRANSFER HD WHITE WB,W/B,8292,KG,-,null,,true,Sreeram,0,SREE RAMRAJ DYES & CHEMICALS,
B102 TRANSFER CLEAR HD WB,W/B,8293,KG,-,null,,true,Sreeram,0,SREE RAMRAJ DYES & CHEMICALS,
A103 TRANSFER MIDDLE CLEAR WB,W/B,8294,KG,-,null,,true,Sreeram,0,SREE RAMRAJ DYES & CHEMICALS,
A104 HOT MELT GLUE WB,W/B,8295,KG,CSC,null,,true,Sreeram,0,SREE RAMRAJ DYES & CHEMICALS,
3280 TABLE WHITE ,W/B,8296,KG,CSC,null,,true,Sreeram,0,SREE RAMRAJ DYES & CHEMICALS,
3280 MACHINE WHITE,W/B,8297,KG,CSC,null,,true,Sreeram,0,SREE RAMRAJ DYES & CHEMICALS,
STRETCH KHADI (MACHINE WHITE),W/B,8298,KG,-,null,,true,Sreeram,0,SREE RAMRAJ DYES & CHEMICALS,
ANTEX XP 50 MACHINE ,W/B,8299,KG,-,null,,true,Sreeram,0,SREE RAMRAJ DYES & CHEMICALS,
3100 CLEAR TABLE,W/B,8300,KG,CSC,null,,true,Sreeram,0,SREE RAMRAJ DYES & CHEMICALS,
TABLE STONE CLEAR ,W/B,8301,KG,-,null,,true,Sreeram,0,SREE RAMRAJ DYES & CHEMICALS,
ECOTECH WHITE ,W/B,8302,KG,-,null,,true,Sreeram,0,SREE RAMRAJ DYES & CHEMICALS,
ECOTECH COLOURS,W/B,8303,KG,-,null,,true,Sreeram,0,SREE RAMRAJ DYES & CHEMICALS,
ECOSOL E1 WHITE,W/B,8304,KG,-,null,,true,Sreeram,0,SREE RAMRAJ DYES & CHEMICALS,
ECOSOL E1 CLEAR,W/B,8305,KG,-,null,,true,Sreeram,0,SREE RAMRAJ DYES & CHEMICALS,
GENISIS WHITE (POLYESTER),W/B,8306,KG,CSC,null,,true,Sreeram,0,SREE RAMRAJ DYES & CHEMICALS,
GENESIS CLEAR (POLYESTER),W/B,8307,KG,CSC,null,,true,Sreeram,0,SREE RAMRAJ DYES & CHEMICALS,
GENESIS THICKNER,W/B,8308,KG,CSC,null,,true,Sreeram,0,SREE RAMRAJ DYES & CHEMICALS,
TABLE READY BLACK,W/B,8309,KG,-,null,,true,Sreeram,0,SREE RAMRAJ DYES & CHEMICALS,
COLOUR BASE,W/B,8310,KG,-,null,,true,Sreeram,0,SREE RAMRAJ DYES & CHEMICALS,
BLACK,W/B,8311,KG,DUCOL,null,,true,Sreeram,0,SREE RAMRAJ DYES & CHEMICALS,
ORANGE,W/B,8312,KG,DUCOL,null,,true,Sreeram,0,SREE RAMRAJ DYES & CHEMICALS,
GREEN,W/B,8313,KG,DUCOL,null,,true,Sreeram,0,SREE RAMRAJ DYES & CHEMICALS,
"CRIMSON RED, LAKE RED, BLOOD RED",W/B,8314,KG,DUCOL,null,,true,Sreeram,0,SREE RAMRAJ DYES & CHEMICALS,
FIRE RED,W/B,8315,KG,DUCOL,null,,true,Sreeram,0,SREE RAMRAJ DYES & CHEMICALS,
GOLDEN YELLOW,W/B,8316,KG,DUCOL,null,,true,Sreeram,0,SREE RAMRAJ DYES & CHEMICALS,
LEMON YELLOW,W/B,8317,KG,DUCOL,null,,true,Sreeram,0,SREE RAMRAJ DYES & CHEMICALS,
ROYAL BLUE,W/B,8318,KG,DUCOL,null,,true,Sreeram,0,SREE RAMRAJ DYES & CHEMICALS,
NAVY BLUE,W/B,8319,KG,DUCOL,null,,true,Sreeram,0,SREE RAMRAJ DYES & CHEMICALS,
TURQUISE BLUE,W/B,8320,KG,DUCOL,null,,true,Sreeram,0,SREE RAMRAJ DYES & CHEMICALS,
VIOLET,W/B,8321,KG,DUCOL,null,,true,Sreeram,0,SREE RAMRAJ DYES & CHEMICALS,
AUTO CRACK WHITE,W/B,8322,KG,-,null,,true,Sreeram,0,SREE RAMRAJ DYES & CHEMICALS,
AUTO CRACK WHITE NEW,W/B,8323,KG,-,null,,true,Sreeram,0,SREE RAMRAJ DYES & CHEMICALS,
AUTO CRACK BASE COAT,W/B,8324,KG,-,null,,true,Sreeram,0,SREE RAMRAJ DYES & CHEMICALS,
PEARL PASTE,W/B,8325,KG,-,null,,true,Sreeram,0,SREE RAMRAJ DYES & CHEMICALS,
HI SELF SHINE PEARL PASTE,W/B,8326,KG,-,null,,true,Sreeram,0,SREE RAMRAJ DYES & CHEMICALS,
TEXPRINT MCK (MANUAL CRACK),W/B,8327,KG,-,null,,true,Sreeram,0,SREE RAMRAJ DYES & CHEMICALS,
ZAQ 10191 TRANS INK,W/B,8328,KG,-,null,,true,Sreeram,0,SREE RAMRAJ DYES & CHEMICALS,
B2 SILVER SIMMER M/C,W/B,8329,KG,-,null,,true,Sreeram,0,SREE RAMRAJ DYES & CHEMICALS,
ANTI FOIL GEL WITH FIXER,W/B,8330,KG,-,null,,true,Sreeram,0,SREE RAMRAJ DYES & CHEMICALS,
B2 HOT FOIL PASTE (CREDIT 800),W/B,8331,KG,-,null,,true,Sreeram,0,SREE RAMRAJ DYES & CHEMICALS,
SKY DISCHARGE WHITE,W/B,8332,KG,-,null,,true,Sreeram,0,SREE RAMRAJ DYES & CHEMICALS,
CSC GENESIS GREY BASE,W/B,8333,KG,-,null,,true,Sreeram,0,SREE RAMRAJ DYES & CHEMICALS,
LYGRA GEL,W/B,8334,KG,-,null,,true,Sreeram,0,SREE RAMRAJ DYES & CHEMICALS,
SUPER PLASTIC PSS,W/B,8335,KG,-,null,,true,Sreeram,0,SREE RAMRAJ DYES & CHEMICALS,
COLD FIXING AGENT,W/B,8336,KG,-,null,,true,Sreeram,0,SREE RAMRAJ DYES & CHEMICALS,
SILVER COLOUR BASE,W/B,8337,KG,-,null,,true,Sreeram,0,SREE RAMRAJ DYES & CHEMICALS,
FIXER N,W/B,8338,KG,-,null,,true,Sreeram,0,SREE RAMRAJ DYES & CHEMICALS,
FS-ANTI MIGRATION WHITE RUBBER PASTE,W/B,8339,KG,-,null,,true,Sreeram,0,SREE RAMRAJ DYES & CHEMICALS,
VELVET FOAM,W/B,8340,KG,-,null,,true,Sreeram,0,SREE RAMRAJ DYES & CHEMICALS,
BURNO OUT PASTE,W/B,8341,KG,-,null,,true,Sreeram,0,SREE RAMRAJ DYES & CHEMICALS,
BAIRAVI PU GLOSSY GEL (BILL CATALYST 2%),W/B,8342,KG,-,null,,true,Sreeram,0,SREE RAMRAJ DYES & CHEMICALS,
COPPER SIMMER W/B,W/B,8343,KG,-,null,,true,Sreeram,0,SREE RAMRAJ DYES & CHEMICALS,
XL FOAM,W/B,8344,KG,DUCOL,null,,true,Sreeram,0,SREE RAMRAJ DYES & CHEMICALS,
OIL PASTE,W/B,8345,KG,-,null,,true,Sreeram,0,SREE RAMRAJ DYES & CHEMICALS,
WATER PASTE,W/B,8346,KG,-,null,,true,Sreeram,0,SREE RAMRAJ DYES & CHEMICALS,
IMP. WATER PASTE,W/B,8347,KG,-,null,,true,Sreeram,0,SREE RAMRAJ DYES & CHEMICALS,
DISCHARGE WHITE,W/B,8348,KG,PIDILITE,null,,true,Sreeram,0,SREE RAMRAJ DYES & CHEMICALS,
DISCHARGE CLEAR,W/B,8349,KG,PIDILITE,null,,true,Sreeram,0,SREE RAMRAJ DYES & CHEMICALS,
DISCHARGE WHITE,W/B,8350,KG,ELECTRON,null,,true,Sreeram,0,SREE RAMRAJ DYES & CHEMICALS,
DISCHARGE CLEAR,W/B,8351,KG,ELECTRON,null,,true,Sreeram,0,SREE RAMRAJ DYES & CHEMICALS,
DISCHARGE ACTIVATOR,W/B,8352,KG,-,null,,true,Sreeram,0,SREE RAMRAJ DYES & CHEMICALS,
MIXING AID (NON CHOCKING OIL),W/B,8353,KG,-,null,,true,Sreeram,0,SREE RAMRAJ DYES & CHEMICALS,
LM FOIL GEL,W/B,8354,KG,-,null,,true,Sreeram,0,SREE RAMRAJ DYES & CHEMICALS,
PROCESS COLORS (CYMK),W/B,8355,KG,-,null,,true,Sreeram,0,SREE RAMRAJ DYES & CHEMICALS,
"GRAFCO FLUO. COLORS (YELLOW, MAJENTHA, PINK, ORANGE, GREEN)",W/B,8356,KG,-,null,,true,Sreeram,0,SREE RAMRAJ DYES & CHEMICALS,
GHADI (ARTEX),W/B,8357,KG,-,null,,true,Sreeram,0,SREE RAMRAJ DYES & CHEMICALS,
TEXAPRINT AFK,W/B,8358,KG,-,null,,true,Sreeram,0,SREE RAMRAJ DYES & CHEMICALS,
SPL. FOAM,W/B,8359,KG,-,null,,true,Sreeram,0,SREE RAMRAJ DYES & CHEMICALS,
MATTING AGENT,W/B,8360,KG,-,null,,true,Sreeram,0,SREE RAMRAJ DYES & CHEMICALS,
GERMAN WHITE,W/B,8361,KG,-,null,,true,Sreeram,0,SREE RAMRAJ DYES & CHEMICALS,
008 CATALYST,W/B,8362,KG,-,null,,true,Sreeram,0,SREE RAMRAJ DYES & CHEMICALS,
BRIGHT SILVER SIMMER READYMIX W/B,W/B,8363,KG,-,null,,true,Sreeram,0,SREE RAMRAJ DYES & CHEMICALS,
BRIGHT GOLD SIMMER READYMIX W/B,W/B,8364,KG,-,null,,true,Sreeram,0,SREE RAMRAJ DYES & CHEMICALS,
SUPER SOFT WHITE,W/B,8365,KG,-,null,,true,Sreeram,0,SREE RAMRAJ DYES & CHEMICALS,
SUPER SOFT CLEAR,W/B,8366,KG,-,null,,true,Sreeram,0,SREE RAMRAJ DYES & CHEMICALS,
PERFECT WHITE,W/B,8367,KG,-,null,,true,Sreeram,0,SREE RAMRAJ DYES & CHEMICALS,
PERFECT CLEAR,W/B,8368,KG,-,null,,true,Sreeram,0,SREE RAMRAJ DYES & CHEMICALS,
SUPER ARREST WHITE,W/B,8369,KG,-,null,,true,Sreeram,0,SREE RAMRAJ DYES & CHEMICALS,
B2 FOAM,W/B,8370,KG,B2,null,,true,Sreeram,0,SREE RAMRAJ DYES & CHEMICALS,
424 STRETCH WHITE,W/B,8371,KG,-,null,,true,Sreeram,0,SREE RAMRAJ DYES & CHEMICALS,
424 STRETCH CLEAR,W/B,8372,KG,-,null,,true,Sreeram,0,SREE RAMRAJ DYES & CHEMICALS,
DIGITAL WHITE,W/B,8373,KG,-,null,,true,Sreeram,0,SREE RAMRAJ DYES & CHEMICALS,
DIGITAL CLEAR,W/B,8374,KG,-,null,,true,Sreeram,0,SREE RAMRAJ DYES & CHEMICALS,
YELLOW SPARKLE GLITTER 8 MM,PRINTING ADD ON,8375,KG,-,null,,true,Sreeram,0,SREE RAMRAJ DYES & CHEMICALS,
YELLOW SPARKLE GLITTER 4 MM,PRINTING ADD ON,8376,KG,-,null,,true,Sreeram,0,SREE RAMRAJ DYES & CHEMICALS,
GENESIS GREY BASE,W/B,8377,KG,-,null,,true,Sreeram,0,SREE RAMRAJ DYES & CHEMICALS,
LIQUID THICKNER,PRINTING ADD ON,8378,KG,-,null,,true,Sreeram,0,SREE RAMRAJ DYES & CHEMICALS,
PEARL PASTE READYMIX OB,TPL,8379,KG,-,null,,true,Sreeram,0,SREE RAMRAJ DYES & CHEMICALS,
SRIVY 9044 REDUCER,PRINTING ADD ON,8380,KG,-,null,,true,Sreeram,0,SREE RAMRAJ DYES & CHEMICALS,
SRIVY 9044 REDUCER (5 LIT.),PRINTING ADD ON,8381,KG,-,null,,true,Sreeram,0,SREE RAMRAJ DYES & CHEMICALS,
SOAP OIL,PRINTING ADD ON,8382,KG,-,null,,true,Sreeram,0,SREE RAMRAJ DYES & CHEMICALS,
HOT MELT POWDER 80-200,STICKER,8383,KG,-,null,,true,Sreeram,0,SREE RAMRAJ DYES & CHEMICALS,
HOT MELT POWDER 0-80,STICKER,8384,KG,-,null,,true,Sreeram,0,SREE RAMRAJ DYES & CHEMICALS,
HOT MELT POWDER 0-80 POLYESTER,STICKER,8385,KG,-,null,,true,Sreeram,0,SREE RAMRAJ DYES & CHEMICALS,
HOT MELT POWDER BLACK,STICKER,8386,KG,-,null,,true,Sreeram,0,SREE RAMRAJ DYES & CHEMICALS,
HOT MELT GLUE/GUM SHEET(PIDILITE),PRINTING ADD ON,8387,KG,-,null,,true,Sreeram,0,SREE RAMRAJ DYES & CHEMICALS,
HOT MELT GLUE/GUM SHEET NEW (40”X40”),PRINTING ADD ON,8388,KG,-,null,,true,Sreeram,0,SREE RAMRAJ DYES & CHEMICALS,
"FLOCK SHEET (20”X25”) G.YELLOW, GREEN, D.GREEN, RED, BLACK, OFF WHITE, NAVYBLLUE",PRINTING ADD ON,8389,KG,-,null,,true,Sreeram,0,SREE RAMRAJ DYES & CHEMICALS,
GLYCERIN,PRINTING ADD ON,8390,KG,-,null,,true,Sreeram,0,SREE RAMRAJ DYES & CHEMICALS,
DAP,PRINTING ADD ON,8391,KG,-,null,,true,Sreeram,0,SREE RAMRAJ DYES & CHEMICALS,
FLOCK POWDER,PRINTING ADD ON,8392,KG,-,null,,true,Sreeram,0,SREE RAMRAJ DYES & CHEMICALS,
FLOCK POWDER (0.5 MM),PRINTING ADD ON,8393,KG,-,null,,true,Sreeram,0,SREE RAMRAJ DYES & CHEMICALS,
FLOCK POWDER (HEAT RESISTANCE),PRINTING ADD ON,8394,KG,-,null,,true,Sreeram,0,SREE RAMRAJ DYES & CHEMICALS,
BEADS,PRINTING ADD ON,8395,KG,-,null,,true,Sreeram,0,SREE RAMRAJ DYES & CHEMICALS,
BEADS SMALL,PRINTING ADD ON,8396,KG,-,null,,true,Sreeram,0,SREE RAMRAJ DYES & CHEMICALS,
METALLIC BEADS,PRINTING ADD ON,8397,KG,-,null,,true,Sreeram,0,SREE RAMRAJ DYES & CHEMICALS,
THICKENER POWDER,PRINTING ADD ON,8398,KG,-,null,,true,Sreeram,0,SREE RAMRAJ DYES & CHEMICALS,
PEARL POWDER,PRINTING ADD ON,8399,KG,-,null,,true,Sreeram,0,SREE RAMRAJ DYES & CHEMICALS,
PEARL POWDER (TOYS),PRINTING ADD ON,8400,KG,-,null,,true,Sreeram,0,SREE RAMRAJ DYES & CHEMICALS,
BUTTER PAPER (20” X 11”) TISSUE,PRINTING ADD ON,8401,KG,-,null,,true,Sreeram,0,SREE RAMRAJ DYES & CHEMICALS,
YELLOW GUM POWDER,PRINTING ADD ON,8402,KG,-,null,,true,Sreeram,0,SREE RAMRAJ DYES & CHEMICALS,
CEEPAL,PRINTING ADD ON,8403,KG,-,null,,true,Sreeram,0,SREE RAMRAJ DYES & CHEMICALS,
TEFLON SHEET SHINING,PRINTING ADD ON,8404,KG,-,null,,true,Sreeram,0,SREE RAMRAJ DYES & CHEMICALS,
TEFLON SHEET MATT,PRINTING ADD ON,8405,KG,-,null,,true,Sreeram,0,SREE RAMRAJ DYES & CHEMICALS,
TEXTILE PRINTING PALETTE PAPER,PRINTING ADD ON,8406,KG,-,null,,true,Sreeram,0,SREE RAMRAJ DYES & CHEMICALS,
TEMPERATURE STRIP (120 C 171 C),PRINTING ADD ON,8407,KG,-,null,,true,Sreeram,0,SREE RAMRAJ DYES & CHEMICALS,
GRAFCO PRINT REMOVER,PRINTING ADD ON,8408,KG,-,null,,true,Sreeram,0,SREE RAMRAJ DYES & CHEMICALS,
HOT MELT POWDER ANTI MIGRATION POWDER,STICKER,8409,KG,-,null,,true,Sreeram,0,SREE RAMRAJ DYES & CHEMICALS,
FIXER 104,W/B,8410,KG,-,null,,true,Sreeram,0,SREE RAMRAJ DYES & CHEMICALS,
MATT POWDER,PRINTING ADD ON,8411,KG,-,null,,true,Sreeram,0,SREE RAMRAJ DYES & CHEMICALS,
FUSING SHEET,PRINTING ADD ON,8412,KG,-,null,,true,Sreeram,0,SREE RAMRAJ DYES & CHEMICALS,
FOIL GEL,W/B,8413,KG,-,null,,true,Sreeram,0,SREE RAMRAJ DYES & CHEMICALS,
WHITE FABRIC REMOVING OIL,PRINTING ADD ON,8414,KG,-,null,,true,Sreeram,0,SREE RAMRAJ DYES & CHEMICALS,
SSIAC PRINT REMOVER NEW,PRINTING ADD ON,8415,KG,-,null,,true,Sreeram,0,SREE RAMRAJ DYES & CHEMICALS,
KYB REDUCER,PRINTING ADD ON,8416,KG,-,null,,true,Sreeram,0,SREE RAMRAJ DYES & CHEMICALS,
DTF POWDER,PRINTING ADD ON,8417,KG,-,null,,true,Sreeram,0,SREE RAMRAJ DYES & CHEMICALS,
SUPER BOND ECO FRIENDLY (1 KG),SCREEN MAKING ACCESSORIES,8418,KG,-,null,,true,Sreeram,0,SREE RAMRAJ DYES & CHEMICALS,
SUPER BOND ECO FRIENDLY (5 KG PACKING) (PER KG),SCREEN MAKING ACCESSORIES,8419,KG,-,null,,true,Sreeram,0,SREE RAMRAJ DYES & CHEMICALS,
SUPER BOND PS 1 KG,SCREEN MAKING ACCESSORIES,8420,KG,-,null,,true,Sreeram,0,SREE RAMRAJ DYES & CHEMICALS,
SUPER BOND PS 5 KGS.,SCREEN MAKING ACCESSORIES,8421,KG,-,null,,true,Sreeram,0,SREE RAMRAJ DYES & CHEMICALS,
SUPER BOND SHE,SCREEN MAKING ACCESSORIES,8422,KG,-,null,,true,Sreeram,0,SREE RAMRAJ DYES & CHEMICALS,
PIDIVYL TGPF (1 KG),SCREEN MAKING ACCESSORIES,8423,KG,-,null,,true,Sreeram,0,SREE RAMRAJ DYES & CHEMICALS,
PIDIVYL TGPF (7.5 KGS),SCREEN MAKING ACCESSORIES,8424,KG,-,null,,true,Sreeram,0,SREE RAMRAJ DYES & CHEMICALS,
EMDILITH DM 45 (1 OR 2 KGS PACKING),SCREEN MAKING ACCESSORIES,8425,KG,-,null,,true,Sreeram,0,SREE RAMRAJ DYES & CHEMICALS,
EMDILITH DM 45 (5 KG PACKING),SCREEN MAKING ACCESSORIES,8426,KG,-,null,,true,Sreeram,0,SREE RAMRAJ DYES & CHEMICALS,
EMDILITH DM 47 (50 KG PACKING),SCREEN MAKING ACCESSORIES,8427,KG,-,null,,true,Sreeram,0,SREE RAMRAJ DYES & CHEMICALS,
EMDILITH DM 58 (50 KGS. PACKING),SCREEN MAKING ACCESSORIES,8428,KG,-,null,,true,Sreeram,0,SREE RAMRAJ DYES & CHEMICALS,
TAKTER 600 ML,SCREEN MAKING ACCESSORIES,8429,PCS,-,null,,true,Sreeram,0,SREE RAMRAJ DYES & CHEMICALS,
RADIUM NORMAL GREEN POWDER (W/B),PRINTING ADD ON,8430,KG,-,null,,true,Sreeram,0,SREE RAMRAJ DYES & CHEMICALS,
RADIUM LONG GLOW GREEN POWDER (W/B),PRINTING ADD ON,8431,KG,-,null,,true,Sreeram,0,SREE RAMRAJ DYES & CHEMICALS,
RADIUM LONG GLOW GREEN POWDER (O/B),PRINTING ADD ON,8432,KG,-,null,,true,Sreeram,0,SREE RAMRAJ DYES & CHEMICALS,
RADIUM ORANGE POWDER (W/B),PRINTING ADD ON,8433,KG,-,null,,true,Sreeram,0,SREE RAMRAJ DYES & CHEMICALS,
READYMIX NORMAL GREEN (W/B),PRINTING ADD ON,8434,KG,-,null,,true,Sreeram,0,SREE RAMRAJ DYES & CHEMICALS,
READYMIX LONG GLOW GREEN (W/B),PRINTING ADD ON,8435,KG,-,null,,true,Sreeram,0,SREE RAMRAJ DYES & CHEMICALS,
READYMIX LONG GLOW GREEN (O/B),PRINTING ADD ON,8436,KG,-,null,,true,Sreeram,0,SREE RAMRAJ DYES & CHEMICALS,
READYMIX ORANGE (W/B),PRINTING ADD ON,8437,KG,-,null,,true,Sreeram,0,SREE RAMRAJ DYES & CHEMICALS,
READYMIX YELLOW (W/B),PRINTING ADD ON,8438,KG,-,null,,true,Sreeram,0,SREE RAMRAJ DYES & CHEMICALS,
READYMIX WHITE (W/B),PRINTING ADD ON,8439,KG,-,null,,true,Sreeram,0,SREE RAMRAJ DYES & CHEMICALS,
READYMIX RED (W/B),PRINTING ADD ON,8440,KG,-,null,,true,Sreeram,0,SREE RAMRAJ DYES & CHEMICALS,
READYMIX ROSERED (W/B),PRINTING ADD ON,8441,KG,-,null,,true,Sreeram,0,SREE RAMRAJ DYES & CHEMICALS,
READYMIX SKY BLUE (W/B),PRINTING ADD ON,8442,KG,-,null,,true,Sreeram,0,SREE RAMRAJ DYES & CHEMICALS,
READYMIX GREENISH BLUE (W/B),PRINTING ADD ON,8443,KG,-,null,,true,Sreeram,0,SREE RAMRAJ DYES & CHEMICALS,
READYMIX BLUE (O/B),PRINTING ADD ON,8444,KG,-,null,,true,Sreeram,0,SREE RAMRAJ DYES & CHEMICALS,
SILVER SPOON NO. 1,PRINTING ADD ON,8445,PCS,-,null,,true,Sreeram,0,SREE RAMRAJ DYES & CHEMICALS,
SILVER SPOON NO. 2,PRINTING ADD ON,8446,PCS,-,null,,true,Sreeram,0,SREE RAMRAJ DYES & CHEMICALS,
SILVER SPOON NO. 3,PRINTING ADD ON,8447,PCS,-,null,,true,Sreeram,0,SREE RAMRAJ DYES & CHEMICALS,
SILVER SPOON NO. 4,PRINTING ADD ON,8448,PCS,-,null,,true,Sreeram,0,SREE RAMRAJ DYES & CHEMICALS,
SILVER SPOON NO. 5,PRINTING ADD ON,8449,PCS,-,null,,true,Sreeram,0,SREE RAMRAJ DYES & CHEMICALS,
SILVER SPOON NO. 6,PRINTING ADD ON,8450,PCS,-,null,,true,Sreeram,0,SREE RAMRAJ DYES & CHEMICALS,
SILVER SPOON – 18”,PRINTING ADD ON,8451,PCS,-,null,,true,Sreeram,0,SREE RAMRAJ DYES & CHEMICALS,
SILVER SPOON – 21”,PRINTING ADD ON,8452,PCS,-,null,,true,Sreeram,0,SREE RAMRAJ DYES & CHEMICALS,
AX-703/1E26 EVA PRIMER AID,O/B,8453,KG,EVA INKS,null,,true,Sreeram,0,SREE RAMRAJ DYES & CHEMICALS,
EVA-1001/25D7 SPECIALITY INKS EVASTICK WHITE,O/B,8454,KG,EVA INKS,null,,true,Sreeram,0,SREE RAMRAJ DYES & CHEMICALS,
EVA-1012/1E17 SPECIALITY INKS EVASTICK LEMON YELLOW,O/B,8455,KG,EVA INKS,null,,true,Sreeram,0,SREE RAMRAJ DYES & CHEMICALS,
EVA-1014/1E17 SPECIALITY INKS EVASTICK PERMANENT BLUE,O/B,8456,KG,EVA INKS,null,,true,Sreeram,0,SREE RAMRAJ DYES & CHEMICALS,
EVA-1015/1E17 SPECIALITY INKS EVASTICK VIVID GREEN,O/B,8457,KG,EVA INKS,null,,true,Sreeram,0,SREE RAMRAJ DYES & CHEMICALS,
EVA-1016/1E17 SPECIALITY INKS EVASTICK OPAQ WHITE,O/B,8458,KG,EVA INKS,null,,true,Sreeram,0,SREE RAMRAJ DYES & CHEMICALS,
EVA-1025/1E17 SPECIALITY INKS EVASTICK GOLDEN YELLOW,O/B,8459,KG,EVA INKS,null,,true,Sreeram,0,SREE RAMRAJ DYES & CHEMICALS,
EVA-1032/1E17 SPECIALITY INKS EVASTICK RICH ROYAL BLUE,O/B,8460,KG,EVA INKS,null,,true,Sreeram,0,SREE RAMRAJ DYES & CHEMICALS,
EVA-1034/1E17 SPECIALITY INKS EVASTICK BRIGHT VIOLET,O/B,8461,KG,EVA INKS,null,,true,Sreeram,0,SREE RAMRAJ DYES & CHEMICALS,
EVA-1040/1E17 SPECIALITY INKS EVASTICK POST OFFICE RED,O/B,8462,KG,EVA INKS,null,,true,Sreeram,0,SREE RAMRAJ DYES & CHEMICALS,
EVA-1091/1E17 SPECIALITY INKS EVASTICK LEMON YELLOW,O/B,8463,KG,EVA INKS,null,,true,Sreeram,0,SREE RAMRAJ DYES & CHEMICALS,
EVA-1096/1E17 SPECIALITY INKS EVASTICK GREEN,O/B,8464,KG,EVA INKS,null,,true,Sreeram,0,SREE RAMRAJ DYES & CHEMICALS,
EVA-1102/1E17 SPECIALITY INKS EVASTICK 021C ORANGE,O/B,8465,KG,EVA INKS,null,,true,Sreeram,0,SREE RAMRAJ DYES & CHEMICALS,
EVA-2192/1E17 SPECIALITY INKS OPAQ WHITE,O/B,8466,KG,EVA INKS,null,,true,Sreeram,0,SREE RAMRAJ DYES & CHEMICALS,
EVA-2195/1E17 SPECIALITY INKS BRIGHT RED,O/B,8467,KG,EVA INKS,null,,true,Sreeram,0,SREE RAMRAJ DYES & CHEMICALS,
EVA-2196/1E17 SPECIALITY INKS DARK BLUE,O/B,8468,KG,EVA INKS,null,,true,Sreeram,0,SREE RAMRAJ DYES & CHEMICALS,
EVA-601/1E17 SPECIALITY INKS EVASTICK RED,O/B,8469,KG,EVA INKS,null,,true,Sreeram,0,SREE RAMRAJ DYES & CHEMICALS,
EVA-901/1E17 EVA FAST DRYING REDUCING AID,O/B,8470,KG,EVA INKS,null,,true,Sreeram,0,SREE RAMRAJ DYES & CHEMICALS,
EVA-1010/1E17 SPECIALITY INKS DENSE BLACK,O/B,8471,KG,EVA INKS,null,,true,Sreeram,0,SREE RAMRAJ DYES & CHEMICALS,
EVA-1095/1E17 SPECIALITY INKS EVASTIC SKYBLUE,O/B,8472,KG,EVA INKS,null,,true,Sreeram,0,SREE RAMRAJ DYES & CHEMICALS,
EVA-161/1E17 SPECIALITY INKS EVASTIC GREEN,O/B,8473,KG,EVA INKS,null,,true,Sreeram,0,SREE RAMRAJ DYES & CHEMICALS,
EVA-151/1E17 SPECIALITY INKS EVASTIC ULTRA BLUE,O/B,8474,KG,EVA INKS,null,,true,Sreeram,0,SREE RAMRAJ DYES & CHEMICALS,
TEXCRON BLACK NGB,W/B,8475,KG,PIDILITE,null,,true,Sreeram,0,SREE RAMRAJ DYES & CHEMICALS,
TEXCRON BLACK NFD TE,W/B,8476,KG,PIDILITE,null,,true,Sreeram,0,SREE RAMRAJ DYES & CHEMICALS,
TEXCRON BLUE B S/C,W/B,8477,KG,PIDILITE,null,,true,Sreeram,0,SREE RAMRAJ DYES & CHEMICALS,
TEXCRON BLUE BN S/C,W/B,8478,KG,PIDILITE,null,,true,Sreeram,0,SREE RAMRAJ DYES & CHEMICALS,
TEXCRON BRILL PINK CP S/C,W/B,8479,KG,PIDILITE,null,,true,Sreeram,0,SREE RAMRAJ DYES & CHEMICALS,
TEXCRON BRILL RED PEGB S/C,W/B,8480,KG,PIDILITE,null,,true,Sreeram,0,SREE RAMRAJ DYES & CHEMICALS,
TEXCRON BRILL RED PEGR S/C,W/B,8481,KG,PIDILITE,null,,true,Sreeram,0,SREE RAMRAJ DYES & CHEMICALS,
TEXCRON BROWN GR,W/B,8482,KG,PIDILITE,null,,true,Sreeram,0,SREE RAMRAJ DYES & CHEMICALS,
TEXCRON GOLDEN YELLOW KRM,W/B,8483,KG,PIDILITE,null,,true,Sreeram,0,SREE RAMRAJ DYES & CHEMICALS,
TEXCRON GREEN G S/C,W/B,8484,KG,PIDILITE,null,,true,Sreeram,0,SREE RAMRAJ DYES & CHEMICALS,
TEXCRON NAVY BLUE BRJ S/C,W/B,8485,KG,PIDILITE,null,,true,Sreeram,0,SREE RAMRAJ DYES & CHEMICALS,
TEXCRON ORANGE PERG,W/B,8486,KG,PIDILITE,null,,true,Sreeram,0,SREE RAMRAJ DYES & CHEMICALS,
TEXCRON RED VIOLET RK,W/B,8487,KG,PIDILITE,null,,true,Sreeram,0,SREE RAMRAJ DYES & CHEMICALS,
TEXCRON RED RP XF,W/B,8488,KG,PIDILITE,null,,true,Sreeram,0,SREE RAMRAJ DYES & CHEMICALS,
TEXCRON RUBINE PE-BC,W/B,8489,KG,PIDILITE,null,,true,Sreeram,0,SREE RAMRAJ DYES & CHEMICALS,
TEXCRON TURQUISE BLUE BCD S/C,W/B,8490,KG,PIDILITE,null,,true,Sreeram,0,SREE RAMRAJ DYES & CHEMICALS,
TEXCRON VIOLET MB,W/B,8491,KG,PIDILITE,null,,true,Sreeram,0,SREE RAMRAJ DYES & CHEMICALS,
TEXCRON YELLOW SGP,W/B,8492,KG,PIDILITE,null,,true,Sreeram,0,SREE RAMRAJ DYES & CHEMICALS,
TEXCRON ORANGE PFG,W/B,8493,KG,PIDILITE,null,,true,Sreeram,0,SREE RAMRAJ DYES & CHEMICALS,
TEXCRON YELLOW GRKW S/C,W/B,8494,KG,PIDILITE,null,,true,Sreeram,0,SREE RAMRAJ DYES & CHEMICALS,
TEXCRON YELLOW RAL XF,W/B,8495,KG,PIDILITE,null,,true,Sreeram,0,SREE RAMRAJ DYES & CHEMICALS,
TEXCRON BRILL RED HB 200,W/B,8496,KG,PIDILITE,null,,true,Sreeram,0,SREE RAMRAJ DYES & CHEMICALS,
PHOTOCHROMIC,SPECIAL INKS,8497,KG,-,null,,true,Sreeram,0,SREE RAMRAJ DYES & CHEMICALS,
THERMOCHROMIC,SPECIAL INKS,8498,KG,-,null,,true,Sreeram,0,SREE RAMRAJ DYES & CHEMICALS,
FRAGRANCE,SPECIAL INKS,8499,KG,-,null,,true,Sreeram,0,SREE RAMRAJ DYES & CHEMICALS,
White (ECO) (Bright White),PLASTISOL,2000,KG,COLOURPLUS,null,,true,Sreeram,0,SUN SHINE INKS AND COATINGS,
White (ECO LDW) (Natural White),PLASTISOL,2001,KG,COLOURPLUS,null,,true,Sreeram,0,SUN SHINE INKS AND COATINGS,
White (LSW) (Bright White),PLASTISOL,2002,KG,COLOURPLUS,null,,true,Sreeram,0,SUN SHINE INKS AND COATINGS,
White (LDW) (Natural White),PLASTISOL,2003,KG,COLOURPLUS,null,,true,Sreeram,0,SUN SHINE INKS AND COATINGS,
Litho Backup White,PLASTISOL,2004,KG,COLOURPLUS,null,,true,Sreeram,0,SUN SHINE INKS AND COATINGS,
Black,PLASTISOL,2005,KG,COLOURPLUS,null,,true,Sreeram,0,SUN SHINE INKS AND COATINGS,
Colours,PLASTISOL,2006,KG,COLOURPLUS,null,,true,Sreeram,0,SUN SHINE INKS AND COATINGS,
New High Density,PLASTISOL,2007,KG,COLOURPLUS,null,,true,Sreeram,0,SUN SHINE INKS AND COATINGS,
High Density Black,PLASTISOL,2008,KG,COLOURPLUS,null,,true,Sreeram,0,SUN SHINE INKS AND COATINGS,
High Density White,PLASTISOL,2009,KG,COLOURPLUS,null,,true,Sreeram,0,SUN SHINE INKS AND COATINGS,
New Foam,PLASTISOL,2010,KG,COLOURPLUS,null,,true,Sreeram,0,SUN SHINE INKS AND COATINGS,
Violet,PLASTISOL,2011,KG,COLOURPLUS,null,,true,Sreeram,0,SUN SHINE INKS AND COATINGS,
DK. Pink,PLASTISOL,2012,KG,COLOURPLUS,null,,true,Sreeram,0,SUN SHINE INKS AND COATINGS,
T.Gel,PLASTISOL,2013,KG,COLOURPLUS,null,,true,Sreeram,0,SUN SHINE INKS AND COATINGS,
NR Glitter gel,PLASTISOL,2014,KG,COLOURPLUS,null,,true,Sreeram,0,SUN SHINE INKS AND COATINGS,
Soft Base,PLASTISOL,2015,KG,COLOURPLUS,null,,true,Sreeram,0,SUN SHINE INKS AND COATINGS,
Flock Gum,PLASTISOL,2016,KG,COLOURPLUS,null,,true,Sreeram,0,SUN SHINE INKS AND COATINGS,
Fl. All Colours,PLASTISOL,2017,KG,COLOURPLUS,null,,true,Sreeram,0,SUN SHINE INKS AND COATINGS,
1412 SHINING GEL,TPL,2020,KG,-,null,,true,Sreeram,0,SUN SHINE INKS AND COATINGS,
 WHITE,TPL,2021,KG,GRAFCO,null,,true,Sreeram,0,SUN SHINE INKS AND COATINGS,
 PT WHITE,TPL,2022,KG,GRAFCO,null,,true,Sreeram,0,SUN SHINE INKS AND COATINGS,
 LDW WHITE (NATURAL WHITE),TPL,2023,KG,GRAFCO,null,,true,Sreeram,0,SUN SHINE INKS AND COATINGS,
 271 OPAQUE WHITE,TPL,2024,KG,GRAFCO,null,,true,Sreeram,0,SUN SHINE INKS AND COATINGS,
BLACK,TPL,2025,KG,GRAFCO,null,,true,Sreeram,0,SUN SHINE INKS AND COATINGS,
PT BLACK,TPL,2026,KG,GRAFCO,null,,true,Sreeram,0,SUN SHINE INKS AND COATINGS,
PT LITHO BACK UP WHITE,TPL,2027,KG,GRAFCO,null,,true,Sreeram,0,SUN SHINE INKS AND COATINGS,
ORANGE,TPL,2028,KG,GRAFCO,null,,true,Sreeram,0,SUN SHINE INKS AND COATINGS,
KELLY GREEN,TPL,2029,KG,GRAFCO,null,,true,Sreeram,0,SUN SHINE INKS AND COATINGS,
CARDINAL RED,TPL,2030,KG,GRAFCO,null,,true,Sreeram,0,SUN SHINE INKS AND COATINGS,
GOLDEN YELLOW,TPL,2031,KG,GRAFCO,null,,true,Sreeram,0,SUN SHINE INKS AND COATINGS,
LEMON YELLOW,TPL,2032,KG,GRAFCO,null,,true,Sreeram,0,SUN SHINE INKS AND COATINGS,
ROYAL BLUE,TPL,2033,KG,GRAFCO,null,,true,Sreeram,0,SUN SHINE INKS AND COATINGS,
NAVY BLUE,TPL,2034,KG,GRAFCO,null,,true,Sreeram,0,SUN SHINE INKS AND COATINGS,
TURQUISE BLUE,TPL,2035,KG,GRAFCO,null,,true,Sreeram,0,SUN SHINE INKS AND COATINGS,
VIOLET,TPL,2036,KG,GRAFCO,null,,true,Sreeram,0,SUN SHINE INKS AND COATINGS,
TRANSFER GEL,TPL,2037,KG,GRAFCO,null,,true,Sreeram,0,SUN SHINE INKS AND COATINGS,
LAKE RED,TPL,2038,KG,GRAFCO,null,,true,Sreeram,0,SUN SHINE INKS AND COATINGS,
BLOOD RED,TPL,2039,KG,GRAFCO,null,,true,Sreeram,0,SUN SHINE INKS AND COATINGS,
DK.PINK,TPL,2040,KG,GRAFCO,null,,true,Sreeram,0,SUN SHINE INKS AND COATINGS,
SKY BLUE,TPL,2041,KG,GRAFCO,null,,true,Sreeram,0,SUN SHINE INKS AND COATINGS,
MIXING AID,TPL,2042,KG,GRAFCO,null,,true,Sreeram,0,SUN SHINE INKS AND COATINGS,
"PROCESS COLOURS (CYAN, MAJENTHA, YELLOW, BLACK)",TPL,2043,KG,GRAFCO,null,,true,Sreeram,0,SUN SHINE INKS AND COATINGS,
TPL OM HIGH DENSITY,TPL,2068,KG,GRAFCO,null,,true,Sreeram,0,SUN SHINE INKS AND COATINGS,
TPL OM HIGH DENSITY WHITE,TPL,2069,KG,GRAFCO,null,,true,Sreeram,0,SUN SHINE INKS AND COATINGS,
TPL OM HIGH DENSITY BLACK,TPL,2070,KG,GRAFCO,null,,true,Sreeram,0,SUN SHINE INKS AND COATINGS,
DIRECT WHITE (NATURAL WHITE),NON PVC O/B,2115,KG,GRAFCO,null,,true,Sreeram,0,SUN SHINE INKS AND COATINGS,
TRANSFER WHITE,NON PVC O/B,2116,KG,GRAFCO,null,,true,Sreeram,0,SUN SHINE INKS AND COATINGS,
BRIGHT WHITE,NON PVC O/B,2117,KG,GRAFCO,null,,true,Sreeram,0,SUN SHINE INKS AND COATINGS,
LITHO BACK UP WHITE,NON PVC O/B,2118,KG,GRAFCO,null,,true,Sreeram,0,SUN SHINE INKS AND COATINGS,
ORANGE,NON PVC O/B,2119,KG,GRAFCO,null,,true,Sreeram,0,SUN SHINE INKS AND COATINGS,
KELLY GREEN,NON PVC O/B,2120,KG,GRAFCO,null,,true,Sreeram,0,SUN SHINE INKS AND COATINGS,
BLOOD RED,NON PVC O/B,2121,KG,GRAFCO,null,,true,Sreeram,0,SUN SHINE INKS AND COATINGS,
LAKE RED,NON PVC O/B,2122,KG,GRAFCO,null,,true,Sreeram,0,SUN SHINE INKS AND COATINGS,
GOLDEN YELLOW,NON PVC O/B,2123,KG,GRAFCO,null,,true,Sreeram,0,SUN SHINE INKS AND COATINGS,
LEMON YELLOW,NON PVC O/B,2124,KG,GRAFCO,null,,true,Sreeram,0,SUN SHINE INKS AND COATINGS,
ROYAL BLUE,NON PVC O/B,2125,KG,GRAFCO,null,,true,Sreeram,0,SUN SHINE INKS AND COATINGS,
NAVY BLUE,NON PVC O/B,2126,KG,GRAFCO,null,,true,Sreeram,0,SUN SHINE INKS AND COATINGS,
BLACK,NON PVC O/B,2127,KG,GRAFCO,null,,true,Sreeram,0,SUN SHINE INKS AND COATINGS,
VIOLET,NON PVC O/B,2128,KG,GRAFCO,null,,true,Sreeram,0,SUN SHINE INKS AND COATINGS,
T. BLUE,NON PVC O/B,2129,KG,GRAFCO,null,,true,Sreeram,0,SUN SHINE INKS AND COATINGS,
DIRECT GEL,NON PVC O/B,2130,KG,GRAFCO,null,,true,Sreeram,0,SUN SHINE INKS AND COATINGS,
TRANSFER GEL,NON PVC O/B,2131,KG,GRAFCO,null,,true,Sreeram,0,SUN SHINE INKS AND COATINGS,
MIXING REDUCER,NON PVC O/B,2132,KG,GRAFCO,null,,true,Sreeram,0,SUN SHINE INKS AND COATINGS,
CLEANING REDUCER,NON PVC O/B,2133,KG,GRAFCO,null,,true,Sreeram,0,SUN SHINE INKS AND COATINGS,
FOAM,NON PVC O/B,2134,KG,GRAFCO,null,,true,Sreeram,0,SUN SHINE INKS AND COATINGS,
T.HIGH DENSITY BASE,NON PVC O/B,2135,KG,GRAFCO,null,,true,Sreeram,0,SUN SHINE INKS AND COATINGS,
IT HIGH DENSITY BASE,NON PVC O/B,2136,KG,GRAFCO,null,,true,Sreeram,0,SUN SHINE INKS AND COATINGS,
POLYGREY,NON PVC O/B,2137,KG,GRAFCO,null,,true,Sreeram,0,SUN SHINE INKS AND COATINGS,
WHITE AND BLACK HIGH DENSITY,NON PVC O/B,2138,KG,GRAFCO,null,,true,Sreeram,0,SUN SHINE INKS AND COATINGS,
FLUORESCENT ALL COLOURS,NON PVC O/B,2139,KG,GRAFCO,null,,true,Sreeram,0,SUN SHINE INKS AND COATINGS,
HI GEL,NON PVC O/B,2140,KG,GRAFCO,null,,true,Sreeram,0,SUN SHINE INKS AND COATINGS,
CRYSTAL GEL,NON PVC O/B,2141,KG,GRAFCO,null,,true,Sreeram,0,SUN SHINE INKS AND COATINGS,
NEW JELLY,NON PVC O/B,2142,KG,GRAFCO,null,,true,Sreeram,0,SUN SHINE INKS AND COATINGS,
White (ECO) (Bright White),PLASTISOL,2000,KG,COLOURPLUS,null,,true,Sreeram,0,SREE RAM DYES & CHEMICALS,
White (ECO LDW) (Natural White),PLASTISOL,2001,KG,COLOURPLUS,null,,true,Sreeram,0,SREE RAM DYES & CHEMICALS,
White (LSW) (Bright White),PLASTISOL,2002,KG,COLOURPLUS,null,,true,Sreeram,0,SREE RAM DYES & CHEMICALS,
White (LDW) (Natural White),PLASTISOL,2003,KG,COLOURPLUS,null,,true,Sreeram,0,SREE RAM DYES & CHEMICALS,
Litho Backup White,PLASTISOL,2004,KG,COLOURPLUS,null,,true,Sreeram,0,SREE RAM DYES & CHEMICALS,
Black,PLASTISOL,2005,KG,COLOURPLUS,null,,true,Sreeram,0,SREE RAM DYES & CHEMICALS,
Colours,PLASTISOL,2006,KG,COLOURPLUS,null,,true,Sreeram,0,SREE RAM DYES & CHEMICALS,
New High Density,PLASTISOL,2007,KG,COLOURPLUS,null,,true,Sreeram,0,SREE RAM DYES & CHEMICALS,
High Density Black,PLASTISOL,2008,KG,COLOURPLUS,null,,true,Sreeram,0,SREE RAM DYES & CHEMICALS,
High Density White,PLASTISOL,2009,KG,COLOURPLUS,null,,true,Sreeram,0,SREE RAM DYES & CHEMICALS,
New Foam,PLASTISOL,2010,KG,COLOURPLUS,null,,true,Sreeram,0,SREE RAM DYES & CHEMICALS,
Violet,PLASTISOL,2011,KG,COLOURPLUS,null,,true,Sreeram,0,SREE RAM DYES & CHEMICALS,
DK. Pink,PLASTISOL,2012,KG,COLOURPLUS,null,,true,Sreeram,0,SREE RAM DYES & CHEMICALS,
T.Gel,PLASTISOL,2013,KG,COLOURPLUS,null,,true,Sreeram,0,SREE RAM DYES & CHEMICALS,
NR Glitter gel,PLASTISOL,2014,KG,COLOURPLUS,null,,true,Sreeram,0,SREE RAM DYES & CHEMICALS,
Soft Base,PLASTISOL,2015,KG,COLOURPLUS,null,,true,Sreeram,0,SREE RAM DYES & CHEMICALS,
Flock Gum,PLASTISOL,2016,KG,COLOURPLUS,null,,true,Sreeram,0,SREE RAM DYES & CHEMICALS,
Fl. All Colours,PLASTISOL,2017,KG,COLOURPLUS,null,,true,Sreeram,0,SREE RAM DYES & CHEMICALS,
Mixing Reducer,PLASTISOL,2018,KG,COLOURPLUS,null,,true,Sreeram,0,SREE RAM DYES & CHEMICALS,
Thickener Powder,PRINTING ADD ON,2019,KG,-,null,,true,Sreeram,0,SREE RAM DYES & CHEMICALS,
1412 SHINING GEL,TPL,2020,KG,-,null,,true,Sreeram,0,SREE RAM DYES & CHEMICALS,
 WHITE,TPL,2021,KG,GRAFCO,null,,true,Sreeram,0,SREE RAM DYES & CHEMICALS,
 PT WHITE,TPL,2022,KG,GRAFCO,null,,true,Sreeram,0,SREE RAM DYES & CHEMICALS,
 LDW WHITE (NATURAL WHITE),TPL,2023,KG,GRAFCO,null,,true,Sreeram,0,SREE RAM DYES & CHEMICALS,
 271 OPAQUE WHITE,TPL,2024,KG,GRAFCO,null,,true,Sreeram,0,SREE RAM DYES & CHEMICALS,
BLACK,TPL,2025,KG,GRAFCO,null,,true,Sreeram,0,SREE RAM DYES & CHEMICALS,
PT BLACK,TPL,2026,KG,GRAFCO,null,,true,Sreeram,0,SREE RAM DYES & CHEMICALS,
PT LITHO BACK UP WHITE,TPL,2027,KG,GRAFCO,null,,true,Sreeram,0,SREE RAM DYES & CHEMICALS,
ORANGE,TPL,2028,KG,GRAFCO,null,,true,Sreeram,0,SREE RAM DYES & CHEMICALS,
KELLY GREEN,TPL,2029,KG,GRAFCO,null,,true,Sreeram,0,SREE RAM DYES & CHEMICALS,
CARDINAL RED,TPL,2030,KG,GRAFCO,null,,true,Sreeram,0,SREE RAM DYES & CHEMICALS,
GOLDEN YELLOW,TPL,2031,KG,GRAFCO,null,,true,Sreeram,0,SREE RAM DYES & CHEMICALS,
LEMON YELLOW,TPL,2032,KG,GRAFCO,null,,true,Sreeram,0,SREE RAM DYES & CHEMICALS,
ROYAL BLUE,TPL,2033,KG,GRAFCO,null,,true,Sreeram,0,SREE RAM DYES & CHEMICALS,
NAVY BLUE,TPL,2034,KG,GRAFCO,null,,true,Sreeram,0,SREE RAM DYES & CHEMICALS,
TURQUISE BLUE,TPL,2035,KG,GRAFCO,null,,true,Sreeram,0,SREE RAM DYES & CHEMICALS,
VIOLET,TPL,2036,KG,GRAFCO,null,,true,Sreeram,0,SREE RAM DYES & CHEMICALS,
TRANSFER GEL,TPL,2037,KG,GRAFCO,null,,true,Sreeram,0,SREE RAM DYES & CHEMICALS,
LAKE RED,TPL,2038,KG,GRAFCO,null,,true,Sreeram,0,SREE RAM DYES & CHEMICALS,
BLOOD RED,TPL,2039,KG,GRAFCO,null,,true,Sreeram,0,SREE RAM DYES & CHEMICALS,
DK.PINK,TPL,2040,KG,GRAFCO,null,,true,Sreeram,0,SREE RAM DYES & CHEMICALS,
SKY BLUE,TPL,2041,KG,GRAFCO,null,,true,Sreeram,0,SREE RAM DYES & CHEMICALS,
MIXING AID,TPL,2042,KG,GRAFCO,null,,true,Sreeram,0,SREE RAM DYES & CHEMICALS,
"PROCESS COLOURS (CYAN, MAJENTHA, YELLOW, BLACK)",TPL,2043,KG,GRAFCO,null,,true,Sreeram,0,SREE RAM DYES & CHEMICALS,
TPL MATTING AGENT,PRINTING ADD ON,2044,KG,GRAFCO,null,,true,Sreeram,0,SREE RAM DYES & CHEMICALS,
ZERO TPL HD,TPL,2045,KG,GRAFCO,null,,true,Sreeram,0,SREE RAM DYES & CHEMICALS,
ZERO TPL FOAM,TPL,2046,KG,GRAFCO,null,,true,Sreeram,0,SREE RAM DYES & CHEMICALS,
ZERO TPL HD WHITE,TPL,2047,KG,GRAFCO,null,,true,Sreeram,0,SREE RAM DYES & CHEMICALS,
ZERO TPL HD BLACK,TPL,2048,KG,GRAFCO,null,,true,Sreeram,0,SREE RAM DYES & CHEMICALS,
4802 IMP. BEADS GEL,TPL,2049,KG,GRAFCO,null,,true,Sreeram,0,SREE RAM DYES & CHEMICALS,
4801 TPL SHINING GEL,TPL,2050,KG,GRAFCO,null,,true,Sreeram,0,SREE RAM DYES & CHEMICALS,
4808 HD FOIL GEL,TPL,2051,KG,GRAFCO,null,,true,Sreeram,0,SREE RAM DYES & CHEMICALS,
TPL GRAFCO 916 ACTIVE TRANSFER GEL,TPL,2052,KG,GRAFCO,null,,true,Sreeram,0,SREE RAM DYES & CHEMICALS,
CSC POLYGRAY O/B,TPL,2053,KG,GRAFCO,null,,true,Sreeram,0,SREE RAM DYES & CHEMICALS,
TPL BRIGHT GOLD SIMMER,TPL,2054,KG,GRAFCO,null,,true,Sreeram,0,SREE RAM DYES & CHEMICALS,
TPL BRIGHT SILVER SIMMER,TPL,2055,KG,GRAFCO,null,,true,Sreeram,0,SREE RAM DYES & CHEMICALS,
TPL BRIGHT SILVER SIMMER (TRANSFER),TPL,2056,KG,GRAFCO,null,,true,Sreeram,0,SREE RAM DYES & CHEMICALS,
CRYSTAL GEL ,TPL,2057,KG,GRAFCO,null,,true,Sreeram,0,SREE RAM DYES & CHEMICALS,
GRAFCO PRINT REMOVER,TPL,2058,KG,GRAFCO,null,,true,Sreeram,0,SREE RAM DYES & CHEMICALS,
LIQUID THICKNER ,TPL,2059,KG,GRAFCO,null,,true,Sreeram,0,SREE RAM DYES & CHEMICALS,
STONE HD O/B,TPL,2060,KG,GRAFCO,null,,true,Sreeram,0,SREE RAM DYES & CHEMICALS,
T.HIDENSITY,TPL,2061,KG,GRAFCO,null,,true,Sreeram,0,SREE RAM DYES & CHEMICALS,
T.HIDENSITY WHITE,TPL,2062,KG,GRAFCO,null,,true,Sreeram,0,SREE RAM DYES & CHEMICALS,
D.HIDENSITY,TPL,2063,KG,GRAFCO,null,,true,Sreeram,0,SREE RAM DYES & CHEMICALS,
USA CLEAR GEL,TPL,2064,KG,GRAFCO,null,,true,Sreeram,0,SREE RAM DYES & CHEMICALS,
L.HIDENSITY,TPL,2065,KG,GRAFCO,null,,true,Sreeram,0,SREE RAM DYES & CHEMICALS,
916 FOIL GEL,TPL,2066,KG,GRAFCO,null,,true,Sreeram,0,SREE RAM DYES & CHEMICALS,
PT TRANSFER GEL,TPL,2067,KG,GRAFCO,null,,true,Sreeram,0,SREE RAM DYES & CHEMICALS,
TPL OM HIGH DENSITY,TPL,2068,KG,GRAFCO,null,,true,Sreeram,0,SREE RAM DYES & CHEMICALS,
TPL OM HIGH DENSITY WHITE,TPL,2069,KG,GRAFCO,null,,true,Sreeram,0,SREE RAM DYES & CHEMICALS,
TPL OM HIGH DENSITY BLACK,TPL,2070,KG,GRAFCO,null,,true,Sreeram,0,SREE RAM DYES & CHEMICALS,
Water-based softening agent,W/B,8100,KG,B2,null,,true,Sreeram,0,SREE RAM DYES & CHEMICALS,
High density white rubber paste (Table),W/B,BT-8010,KG,B2,null,,true,Sreeram,0,SREE RAM DYES & CHEMICALS,
High density clear rubber paste (Table),W/B,BT-8010Y,KG,B2,null,,true,Sreeram,0,SREE RAM DYES & CHEMICALS,
Machine high density white rubber paste,W/B,BT-8012,KG,B2,null,,true,Sreeram,0,SREE RAM DYES & CHEMICALS,
Machine high density clear rubber paste,W/B,BT-8012Y,KG,B2,null,,true,Sreeram,0,SREE RAM DYES & CHEMICALS,
Stone white rubber paste,W/B,BT-8013,KG,B2,null,,true,Sreeram,0,SREE RAM DYES & CHEMICALS,
Stone clear rubber paste,W/B,BT-8013Y,KG,B2,null,,true,Sreeram,0,SREE RAM DYES & CHEMICALS,
Glitter paste,W/B,BT-8020A,KG,B2,null,,true,Sreeram,0,SREE RAM DYES & CHEMICALS,
Anti-foil paste,W/B,BT-8030,KG,B2,null,,true,Sreeram,0,SREE RAM DYES & CHEMICALS,
Anti-migration white rubber paste,W/B,FS,KG,B2,null,,true,Sreeram,0,SREE RAM DYES & CHEMICALS,
Cold foil paste,W/B,H-95,KG,B2,null,,true,Sreeram,0,SREE RAM DYES & CHEMICALS,
Clear rubber paste,W/B,HL-371,KG,B2,null,,true,Sreeram,0,SREE RAM DYES & CHEMICALS,
High elasticity white rubber paste,W/B,HL-8065A,KG,B2,null,,true,Sreeram,0,SREE RAM DYES & CHEMICALS,
High elasticity clear rubber paste,W/B,HL-8065YA,KG,B2,null,,true,Sreeram,0,SREE RAM DYES & CHEMICALS,
High grade machine white rubber paste,W/B,HL-885    ,KG,B2,null,,true,Sreeram,0,SREE RAM DYES & CHEMICALS,
High grade machine clear rubber paste,W/B,HL-885Y,KG,B2,null,,true,Sreeram,0,SREE RAM DYES & CHEMICALS,
Normal grade machine clear rubber paste,W/B,HL-886Y,KG,B2,null,,true,Sreeram,0,SREE RAM DYES & CHEMICALS,
Elastic ribbon white rubber paste,W/B,HN-3,KG,B2,null,,true,Sreeram,0,SREE RAM DYES & CHEMICALS,
Fixer,W/B,KD,KG,B2,null,,true,Sreeram,0,SREE RAM DYES & CHEMICALS,
Glossy denim (JEANS) white rubber paste,W/B,KD-1,KG,B2,null,,true,Sreeram,0,SREE RAM DYES & CHEMICALS,
Matt denim (JEANS) white rubber paste,W/B,KD-2,KG,B2,null,,true,Sreeram,0,SREE RAM DYES & CHEMICALS,
Matt denim (JEANS) clear rubber paste,W/B,KD-2Y,KG,B2,null,,true,Sreeram,0,SREE RAM DYES & CHEMICALS,
Glossy denim (JEANS) clear rubber paste,W/B,KD-3,KG,B2,null,,true,Sreeram,0,SREE RAM DYES & CHEMICALS,
Water-proof nylon white rubber paste with KD Fixer 2%,W/B,PH-107A,KG,B2,null,,true,Sreeram,0,SREE RAM DYES & CHEMICALS,
Water-proof nylon clear rubber paste with KD Fixer 2%,W/B,PH-107YA,KG,B2,null,,true,Sreeram,0,SREE RAM DYES & CHEMICALS,
Nylon Rubber White Paste,W/B,PH-107B ,KG,B2,null,,true,Sreeram,0,SREE RAM DYES & CHEMICALS,
White Rubber paste for silicon coating mercerized cotton 5 KG,W/B,PH-108A,KG,B2,null,,true,Sreeram,0,SREE RAM DYES & CHEMICALS,
B2 Hot Foil Paste,W/B,H-97,KG,B2,null,,true,Sreeram,0,SREE RAM DYES & CHEMICALS,
B2 Transfer Flock Gel,W/B,2071,KG,B2,null,,true,Sreeram,0,SREE RAM DYES & CHEMICALS,
Sublimation Binder,W/B,2072,KG,B2,null,,true,Sreeram,0,SREE RAM DYES & CHEMICALS,
Glossy white rubber paste,W/B,HL-8066,KG,B2,null,,true,Sreeram,0,SREE RAM DYES & CHEMICALS,
Glossy clear rubber paste,W/B,HL-8066Y,KG,B2,null,,true,Sreeram,0,SREE RAM DYES & CHEMICALS,
Denim imitated discharge white paste,W/B,PH-404,KG,B2,null,,true,Sreeram,0,SREE RAM DYES & CHEMICALS,
Denim imitated discharge clear paste,W/B,PH-405,KG,B2,null,,true,Sreeram,0,SREE RAM DYES & CHEMICALS,
LM Clear,W/B,2073,KG,B2,null,,true,Sreeram,0,SREE RAM DYES & CHEMICALS,
Water-based hot melt glue,W/B,PH-001,KG,B2,null,,true,Sreeram,0,SREE RAM DYES & CHEMICALS,
DIGITAL WHITE W/B,W/B,HL 660,KG,B2,null,,true,Sreeram,0,SREE RAM DYES & CHEMICALS,
PU MATT COATING,W/B,2074,KG,B2,null,,true,Sreeram,0,SREE RAM DYES & CHEMICALS,
STONE PUFF,W/B,2075,KG,B2,null,,true,Sreeram,0,SREE RAM DYES & CHEMICALS,
GLITTER GEL,W/B,SP234,KG,ANTEX,null,,true,Sreeram,0,SREE RAM DYES & CHEMICALS,
FOIL ADHESIVE,W/B,SP236,KG,ANTEX,null,,true,Sreeram,0,SREE RAM DYES & CHEMICALS,
REGULATOR,W/B,SP209,KG,ANTEX,null,,true,Sreeram,0,SREE RAM DYES & CHEMICALS,
FLUORESCENT GREEN,W/B,2076,KG,ANTEX,null,,true,Sreeram,0,SREE RAM DYES & CHEMICALS,
FLUORESENT YELLOW,W/B,2077,KG,ANTEX,null,,true,Sreeram,0,SREE RAM DYES & CHEMICALS,
PUFF BASE OB (TPL FOAM),W/B,NF80,KG,ANTEX,null,,true,Sreeram,0,SREE RAM DYES & CHEMICALS,
FIXER,W/B,2078,KG,ANTEX,null,,true,Sreeram,0,SREE RAM DYES & CHEMICALS,
WHITE,W/B,XP50,KG,ANTEX,null,,true,Sreeram,0,SREE RAM DYES & CHEMICALS,
HD WHITE,W/B,2079,KG,ANTEX,null,,true,Sreeram,0,SREE RAM DYES & CHEMICALS,
HD CLEAR,W/B,2080,KG,ANTEX,null,,true,Sreeram,0,SREE RAM DYES & CHEMICALS,
BN BINDER,W/B,2081,KG,PIDILITE,null,,true,Sreeram,0,SREE RAM DYES & CHEMICALS,
PROTON 5000,W/B,2082,KG,PROTON,null,,true,Sreeram,0,SREE RAM DYES & CHEMICALS,
PRINTOFIX BINDER T20-20FL,W/B,2083,KG,CLARIANT,null,,true,Sreeram,0,SREE RAM DYES & CHEMICALS,
434 GLITTER BINDER,W/B,2084,KG,-,null,,true,Sreeram,0,SREE RAM DYES & CHEMICALS,
TABLE THICKNER,W/B,2085,KG,PIDILITE,null,,true,Sreeram,0,SREE RAM DYES & CHEMICALS,
FIXCER,W/B,2086,KG,PIDILITE,null,,true,Sreeram,0,SREE RAM DYES & CHEMICALS,
CLARIANT SOFTNER,W/B,2087,KG,CLARIANT,null,,true,Sreeram,0,SREE RAM DYES & CHEMICALS,
LIQUID AMMONIA (450 ML),W/B,2088,KG,-,null,,true,Sreeram,0,SREE RAM DYES & CHEMICALS,
EMULSPARY (SOAP OIL),W/B,2089,KG,-,null,,true,Sreeram,0,SREE RAM DYES & CHEMICALS,
GOLD BINDER GBX,W/B,2090,KG,-,null,,true,Sreeram,0,SREE RAM DYES & CHEMICALS,
K FLOCK BINDER,W/B,2091,KG,KARAN,null,,true,Sreeram,0,SREE RAM DYES & CHEMICALS,
IMP. WATER PASTE,W/B,2092,KG,-,null,,true,Sreeram,0,SREE RAM DYES & CHEMICALS,
WATER PASTE,W/B,2093,KG,-,null,,true,Sreeram,0,SREE RAM DYES & CHEMICALS,
OIL PASTE,W/B,2094,KG,-,null,,true,Sreeram,0,SREE RAM DYES & CHEMICALS,
"GOLD BRONZE POWDER, A1",W/B,2095,KG,-,null,,true,Sreeram,0,SREE RAM DYES & CHEMICALS,
"GOLD BRONZE POWDER, A2",W/B,2096,KG,-,null,,true,Sreeram,0,SREE RAM DYES & CHEMICALS,
"GOLD BRONZE POWDER, A3",W/B,2097,KG,-,null,,true,Sreeram,0,SREE RAM DYES & CHEMICALS,
"GOLD BRONZE POWDER, C3",W/B,2098,KG,-,null,,true,Sreeram,0,SREE RAM DYES & CHEMICALS,
GOLD BRONZE POWDER FX 300,W/B,2099,KG,-,null,,true,Sreeram,0,SREE RAM DYES & CHEMICALS,
"COPPER POWDER, O2",W/B,2100,KG,-,null,,true,Sreeram,0,SREE RAM DYES & CHEMICALS,
RED BROWN,W/B,2101,KG,-,null,,true,Sreeram,0,SREE RAM DYES & CHEMICALS,
UREA,W/B,2102,KG,-,null,,true,Sreeram,0,SREE RAM DYES & CHEMICALS,
SBS FLOCK GEL,W/B,2103,KG,DUCOL,null,,true,Sreeram,0,SREE RAM DYES & CHEMICALS,
"ALUMINIUM POWDER (NO. 5, 6 & 7)",W/B,2104,KG,-,null,,true,Sreeram,0,SREE RAM DYES & CHEMICALS,
DRG GOLD SIMMER,W/B,2105,KG,-,null,,true,Sreeram,0,SREE RAM DYES & CHEMICALS,
B2 GLITTER BINDER,W/B,2106,KG,-,null,,true,Sreeram,0,SREE RAM DYES & CHEMICALS,
PIDICRYL BINDER FJN,W/B,2107,KG,-,null,,true,Sreeram,0,SREE RAM DYES & CHEMICALS,
METALLIC BINDER,W/B,2108,KG,-,null,,true,Sreeram,0,SREE RAM DYES & CHEMICALS,
FIXER N,W/B,2109,KG,-,null,,true,Sreeram,0,SREE RAM DYES & CHEMICALS,
SHARPNER,W/B,2110,KG,PIDILITE,null,,true,Sreeram,0,SREE RAM DYES & CHEMICALS,
GLITTERS,PRINTING ADD ON,2111,KG,-,null,,true,Sreeram,0,SREE RAM DYES & CHEMICALS,
GLITTERS FIRE SERIES,PRINTING ADD ON,2112,KG,-,null,,true,Sreeram,0,SREE RAM DYES & CHEMICALS,
GLITTERS FLUORESCENT,PRINTING ADD ON,2113,KG,-,null,,true,Sreeram,0,SREE RAM DYES & CHEMICALS,
GLITTERS ECO FRIENDLY,PRINTING ADD ON,2114,KG,-,null,,true,Sreeram,0,SREE RAM DYES & CHEMICALS,
DIRECT WHITE (NATURAL WHITE),NON PVC O/B,2115,KG,GRAFCO,null,,true,Sreeram,0,SREE RAM DYES & CHEMICALS,
TRANSFER WHITE,NON PVC O/B,2116,KG,GRAFCO,null,,true,Sreeram,0,SREE RAM DYES & CHEMICALS,
BRIGHT WHITE,NON PVC O/B,2117,KG,GRAFCO,null,,true,Sreeram,0,SREE RAM DYES & CHEMICALS,
LITHO BACK UP WHITE,NON PVC O/B,2118,KG,GRAFCO,null,,true,Sreeram,0,SREE RAM DYES & CHEMICALS,
ORANGE,NON PVC O/B,2119,KG,GRAFCO,null,,true,Sreeram,0,SREE RAM DYES & CHEMICALS,
KELLY GREEN,NON PVC O/B,2120,KG,GRAFCO,null,,true,Sreeram,0,SREE RAM DYES & CHEMICALS,
BLOOD RED,NON PVC O/B,2121,KG,GRAFCO,null,,true,Sreeram,0,SREE RAM DYES & CHEMICALS,
LAKE RED,NON PVC O/B,2122,KG,GRAFCO,null,,true,Sreeram,0,SREE RAM DYES & CHEMICALS,
GOLDEN YELLOW,NON PVC O/B,2123,KG,GRAFCO,null,,true,Sreeram,0,SREE RAM DYES & CHEMICALS,
LEMON YELLOW,NON PVC O/B,2124,KG,GRAFCO,null,,true,Sreeram,0,SREE RAM DYES & CHEMICALS,
ROYAL BLUE,NON PVC O/B,2125,KG,GRAFCO,null,,true,Sreeram,0,SREE RAM DYES & CHEMICALS,
NAVY BLUE,NON PVC O/B,2126,KG,GRAFCO,null,,true,Sreeram,0,SREE RAM DYES & CHEMICALS,
BLACK,NON PVC O/B,2127,KG,GRAFCO,null,,true,Sreeram,0,SREE RAM DYES & CHEMICALS,
VIOLET,NON PVC O/B,2128,KG,GRAFCO,null,,true,Sreeram,0,SREE RAM DYES & CHEMICALS,
T. BLUE,NON PVC O/B,2129,KG,GRAFCO,null,,true,Sreeram,0,SREE RAM DYES & CHEMICALS,
DIRECT GEL,NON PVC O/B,2130,KG,GRAFCO,null,,true,Sreeram,0,SREE RAM DYES & CHEMICALS,
TRANSFER GEL,NON PVC O/B,2131,KG,GRAFCO,null,,true,Sreeram,0,SREE RAM DYES & CHEMICALS,
MIXING REDUCER,NON PVC O/B,2132,KG,GRAFCO,null,,true,Sreeram,0,SREE RAM DYES & CHEMICALS,
CLEANING REDUCER,NON PVC O/B,2133,KG,GRAFCO,null,,true,Sreeram,0,SREE RAM DYES & CHEMICALS,
FOAM,NON PVC O/B,2134,KG,GRAFCO,null,,true,Sreeram,0,SREE RAM DYES & CHEMICALS,
T.HIGH DENSITY BASE,NON PVC O/B,2135,KG,GRAFCO,null,,true,Sreeram,0,SREE RAM DYES & CHEMICALS,
IT HIGH DENSITY BASE,NON PVC O/B,2136,KG,GRAFCO,null,,true,Sreeram,0,SREE RAM DYES & CHEMICALS,
POLYGREY,NON PVC O/B,2137,KG,GRAFCO,null,,true,Sreeram,0,SREE RAM DYES & CHEMICALS,
WHITE AND BLACK HIGH DENSITY,NON PVC O/B,2138,KG,GRAFCO,null,,true,Sreeram,0,SREE RAM DYES & CHEMICALS,
FLUORESCENT ALL COLOURS,NON PVC O/B,2139,KG,GRAFCO,null,,true,Sreeram,0,SREE RAM DYES & CHEMICALS,
HI GEL,NON PVC O/B,2140,KG,GRAFCO,null,,true,Sreeram,0,SREE RAM DYES & CHEMICALS,
CRYSTAL GEL,NON PVC O/B,2141,KG,GRAFCO,null,,true,Sreeram,0,SREE RAM DYES & CHEMICALS,
NEW JELLY,NON PVC O/B,2142,KG,GRAFCO,null,,true,Sreeram,0,SREE RAM DYES & CHEMICALS,
FL. PINK,W/B,2143,KG,-,null,,true,Sreeram,0,SREE RAM DYES & CHEMICALS,
FL. ORANGE,W/B,2144,KG,-,null,,true,Sreeram,0,SREE RAM DYES & CHEMICALS,
FL. MAJENTHA,W/B,2145,KG,-,null,,true,Sreeram,0,SREE RAM DYES & CHEMICALS,
FL. GREEN,W/B,2146,KG,-,null,,true,Sreeram,0,SREE RAM DYES & CHEMICALS,
FL. YELLOW,W/B,2147,KG,-,null,,true,Sreeram,0,SREE RAM DYES & CHEMICALS,
FL. VIOLET,W/B,2148,KG,-,null,,true,Sreeram,0,SREE RAM DYES & CHEMICALS,
FL. ROYAL BLUE,W/B,2149,KG,-,null,,true,Sreeram,0,SREE RAM DYES & CHEMICALS,
FL. PEACOCK BLUE,W/B,2150,KG,-,null,,true,Sreeram,0,SREE RAM DYES & CHEMICALS,
FL. RED,W/B,2151,KG,-,null,,true,Sreeram,0,SREE RAM DYES & CHEMICALS,
FOIL PAPER,PRINTING ADD ON,2152,MTR,CROWN,null,,true,Sreeram,0,SREE RAM DYES & CHEMICALS,
FOIL PAPER,PRINTING ADD ON,2153,MTR,ARROW MARK,null,,true,Sreeram,0,SREE RAM DYES & CHEMICALS,
FOIL PAPER,PRINTING ADD ON,2154,MTR,BUDS,null,,true,Sreeram,0,SREE RAM DYES & CHEMICALS,
FOIL PAPER,PRINTING ADD ON,2155,MTR,CHINA FOIL,null,,true,Sreeram,0,SREE RAM DYES & CHEMICALS,
TRANSFER PAPER 100 GSM,STICKER,2156,KG,-,null,,true,Sreeram,0,SREE RAM DYES & CHEMICALS,
TRANSFER PAPER 90 GSM,STICKER,2157,KG,-,null,,true,Sreeram,0,SREE RAM DYES & CHEMICALS,
TRANSFER PAPER 80 GSM,STICKER,2158,KG,-,null,,true,Sreeram,0,SREE RAM DYES & CHEMICALS,
TRANSFER PAPER 70 GSM,STICKER,2159,KG,-,null,,true,Sreeram,0,SREE RAM DYES & CHEMICALS,
REFLECTIVE SHEET,STICKER,2160,MTR,-,null,,true,Sreeram,0,SREE RAM DYES & CHEMICALS,
OFFSET PAPER,STICKER,2161,MTR,-,null,,true,Sreeram,0,SREE RAM DYES & CHEMICALS,
HEAT TRANSFER FILM,STICKER,2162,MTR,-,null,,true,Sreeram,0,SREE RAM DYES & CHEMICALS,
DTF FILM ROLL,STICKER,2163,MTR,-,null,,true,Sreeram,0,SREE RAM DYES & CHEMICALS,
VINYL,STICKER,2164,MTR,-,null,,true,Sreeram,0,SREE RAM DYES & CHEMICALS,
REFLECTIVE CLEAR SHEET,STICKER,2165,MTR,-,null,,true,Sreeram,0,SREE RAM DYES & CHEMICALS,
GLOVES SPL (GREEN),PRINTING ADD ON,2166,PCS,-,null,,true,Sreeram,0,SREE RAM DYES & CHEMICALS,
CURING GLOVES,PRINTING ADD ON,2167,PCS,-,null,,true,Sreeram,0,SREE RAM DYES & CHEMICALS,
"GLOVES (YELLOW 18"")",PRINTING ADD ON,2168,PCS,-,null,,true,Sreeram,0,SREE RAM DYES & CHEMICALS,
GLOVES GREEN BIG,PRINTING ADD ON,2169,PCS,-,null,,true,Sreeram,0,SREE RAM DYES & CHEMICALS,
"GLOVES (YELLOW 22"")",PRINTING ADD ON,2170,PCS,-,null,,true,Sreeram,0,SREE RAM DYES & CHEMICALS,
WHITE GLOVES,PRINTING ADD ON,2171,PCS,-,null,,true,Sreeram,0,SREE RAM DYES & CHEMICALS,
PLASTISOL WHITE,PLASTISOL,HS 7667,KG,MICRO-INKS,null,,true,Sreeram,0,SREE RAM DYES & CHEMICALS,
PLASTISOL BRIGHT WHITE,PLASTISOL,HS 7668,KG,MICRO-INKS,null,,true,Sreeram,0,SREE RAM DYES & CHEMICALS,
PLASTISOL BLACK,PLASTISOL,HS 7603,KG,MICRO-INKS,null,,true,Sreeram,0,SREE RAM DYES & CHEMICALS,
PLASTISOL BRIGHT YELLOW,PLASTISOL,HS 7604,KG,MICRO-INKS,null,,true,Sreeram,0,SREE RAM DYES & CHEMICALS,
PLASTISOL LEMON YELLOW,PLASTISOL,HS 7605,KG,MICRO-INKS,,,true,Sreeram,0,SREE RAM DYES & CHEMICALS,
PLASTISOL GOLDEN YELLOW,PLASTISOL,HS 7606,KG,MICRO-INKS,null,,true,Sreeram,0,SREE RAM DYES & CHEMICALS,
PLASTISOL BRIGHT RED,PLASTISOL,HS 7610,KG,MICRO-INKS,,,true,Sreeram,0,SREE RAM DYES & CHEMICALS,
PLASTISOL DOLPHIN ORANGE,PLASTISOL,HS 7611,KG,MICRO-INKS,null,,true,Sreeram,0,SREE RAM DYES & CHEMICALS,
PLASTISOL BRIGHT ORANGE,PLASTISOL,HS 7612,KG,MICRO-INKS,null,,true,Sreeram,0,SREE RAM DYES & CHEMICALS,
PLASTISOL SCARLET RED,PLASTISOL,HS 7616,KG,MICRO-INKS,null,,true,Sreeram,0,SREE RAM DYES & CHEMICALS,
PLASTISOL NATIONAL RED,PLASTISOL,HS 7617,KG,MICRO-INKS,null,,true,Sreeram,0,SREE RAM DYES & CHEMICALS,
PLASTISOL CARDINAL RED,PLASTISOL,HS 7618,KG,MICRO-INKS,null,,true,Sreeram,0,SREE RAM DYES & CHEMICALS,
PLASTISOL MAROON,PLASTISOL,HS 7619,KG,MICRO-INKS,null,,true,Sreeram,0,SREE RAM DYES & CHEMICALS,
PLASTISOL RHODAMINE RED,PLASTISOL,HS 7620,KG,MICRO-INKS,null,,true,Sreeram,0,SREE RAM DYES & CHEMICALS,
PLASTISOL PINK,PLASTISOL,HS 7621,KG,MICRO-INKS,null,,true,Sreeram,0,SREE RAM DYES & CHEMICALS,
PLASTISOL TRUE BLUE,PLASTISOL,HS 7622,KG,MICRO-INKS,null,,true,Sreeram,0,SREE RAM DYES & CHEMICALS,
PLASTISOL BRIGHT ROYL BLUE,PLASTISOL,HS 7623,KG,MICRO-INKS,null,,true,Sreeram,0,SREE RAM DYES & CHEMICALS,
PLASTISOL CONTACT BLUE,PLASTISOL,HS 7624,KG,MICRO-INKS,null,,true,Sreeram,0,SREE RAM DYES & CHEMICALS,
PLASTISOL TURQUOISE BLUE,PLASTISOL,HS 7625,KG,MICRO-INKS,null,,true,Sreeram,0,SREE RAM DYES & CHEMICALS,
PLASTISOL ROYAL BLUE,PLASTISOL,HS 7626,KG,MICRO-INKS,null,,true,Sreeram,0,SREE RAM DYES & CHEMICALS,
PLASTISOL DECON BLUE,PLASTISOL,HS 7627,KG,MICRO-INKS,null,,true,Sreeram,0,SREE RAM DYES & CHEMICALS,
PLASTISOL NAVY BLUE,PLASTISOL,HS 7628,KG,MICRO-INKS,null,,true,Sreeram,0,SREE RAM DYES & CHEMICALS,
PLASTISOL DARK NAVY BLUE,PLASTISOL,HS 7629,KG,MICRO-INKS,null,,true,Sreeram,0,SREE RAM DYES & CHEMICALS,
PLASTISOL VIOLET,PLASTISOL,HS 7630,KG,MICRO-INKS,null,,true,Sreeram,0,SREE RAM DYES & CHEMICALS,
PLASTISOL DALLAS GREEN,PLASTISOL,HS 7634,KG,MICRO-INKS,null,,true,Sreeram,0,SREE RAM DYES & CHEMICALS,
PLASTISOL KELLY GREEN,PLASTISOL,HS 7635,KG,MICRO-INKS,null,,true,Sreeram,0,SREE RAM DYES & CHEMICALS,
PLASTISOL LIGHT BROWN,PLASTISOL,HS 7636,KG,MICRO-INKS,null,,true,Sreeram,0,SREE RAM DYES & CHEMICALS,
PLASTISOL CHOCKLET BROWN,PLASTISOL,HS 7637,KG,MICRO-INKS,null,,true,Sreeram,0,SREE RAM DYES & CHEMICALS,
PLASTISOL BUFF,PLASTISOL,HS 7638,KG,MICRO-INKS,null,,true,Sreeram,0,SREE RAM DYES & CHEMICALS,
PLASTISOL FLESH,PLASTISOL,HS 7639,KG,MICRO-INKS,null,,true,Sreeram,0,SREE RAM DYES & CHEMICALS,
PLASTISOL KHAKI,PLASTISOL,HS 7640,KG,MICRO-INKS,null,,true,Sreeram,0,SREE RAM DYES & CHEMICALS,
PLASTISOL BRANDYWINE,PLASTISOL,HS 7641,KG,MICRO-INKS,null,,true,Sreeram,0,SREE RAM DYES & CHEMICALS,
PLASTISOL PURPLE,PLASTISOL,HS 7642,KG,MICRO-INKS,null,,true,Sreeram,0,SREE RAM DYES & CHEMICALS,
PLASTISOL PISTA GREEN,PLASTISOL,HS 7643,KG,MICRO-INKS,null,,true,Sreeram,0,SREE RAM DYES & CHEMICALS,
PLASTISOL AQUA,PLASTISOL,HS 7644,KG,MICRO-INKS,null,,true,Sreeram,0,SREE RAM DYES & CHEMICALS,
PLASTISOL SILVER GREY,PLASTISOL,HS 7645,KG,MICRO-INKS,null,,true,Sreeram,0,SREE RAM DYES & CHEMICALS,
PLASTISOL STEEL GREY,PLASTISOL,HS 7646,KG,MICRO-INKS,null,,true,Sreeram,0,SREE RAM DYES & CHEMICALS,
PLASTISOL SPL BASE,PLASTISOL,HS 7648,KG,MICRO-INKS,null,,true,Sreeram,0,SREE RAM DYES & CHEMICALS,
PLASTISOL BASE,PLASTISOL,HS 7650,KG,MICRO-INKS,null,,true,Sreeram,0,SREE RAM DYES & CHEMICALS,
PLASTISOL CURABLE THICKNER,PLASTISOL,HS 7655,KG,MICRO-INKS,null,,true,Sreeram,0,SREE RAM DYES & CHEMICALS,
PLASTISOL HIGH DENSITY OPAQUE,PLASTISOL,HS 7670,KG,MICRO-INKS,null,,true,Sreeram,0,SREE RAM DYES & CHEMICALS,
LIGHT YELLOW,TPL,TPL-101,KG,MICRO-INKS,null,,true,Sreeram,0,SREE RAM DYES & CHEMICALS,
MID YELLOW,TPL,TPL-102,KG,MICRO-INKS,null,,true,Sreeram,0,SREE RAM DYES & CHEMICALS,
MATCH VIOLET,TPL,TPL-141,KG,MICRO-INKS,null,,true,Sreeram,0,SREE RAM DYES & CHEMICALS,
MATCH TINTING WHITE,TPL,TPL-171,KG,MICRO-INKS,null,,true,Sreeram,0,SREE RAM DYES & CHEMICALS,
METALIC CLEAR BASE,TPL,TPL-195,KG,MICRO-INKS,null,,true,Sreeram,0,SREE RAM DYES & CHEMICALS,
PRINTABLE ADHESIVE,TPL,TPL-196,KG,MICRO-INKS,null,,true,Sreeram,0,SREE RAM DYES & CHEMICALS,
LIGHT BROWN,TPL,TPL-2005,KG,MICRO-INKS,null,,true,Sreeram,0,SREE RAM DYES & CHEMICALS,
CHOCKLET BROWN,TPL,TPL-2006,KG,MICRO-INKS,null,,true,Sreeram,0,SREE RAM DYES & CHEMICALS,
BRIGHT YELLOW,TPL,TPL-201,KG,MICRO-INKS,null,,true,Sreeram,0,SREE RAM DYES & CHEMICALS,
SCARLET RED,TPL,TPL-2011,KG,MICRO-INKS,null,,true,Sreeram,0,SREE RAM DYES & CHEMICALS,
CARDINAL RED,TPL,TPL-2113,KG,MICRO-INKS,null,,true,Sreeram,0,SREE RAM DYES & CHEMICALS,
LITHO WHITE,TPL,TPL-1009,KG,MICRO-INKS,null,,true,Sreeram,0,SREE RAM DYES & CHEMICALS,
KELLY GREEN,TPL,TPL-2114,KG,MICRO-INKS,null,,true,Sreeram,0,SREE RAM DYES & CHEMICALS,
BRANDYWINE,TPL,TPL-2115,KG,MICRO-INKS,null,,true,Sreeram,0,SREE RAM DYES & CHEMICALS,
NATIONAL RED,TPL,TPL-2116,KG,MICRO-INKS,null,,true,Sreeram,0,SREE RAM DYES & CHEMICALS,
BRIGHT ORANGE,TPL,TPL-2121,KG,MICRO-INKS,null,,true,Sreeram,0,SREE RAM DYES & CHEMICALS,
DARK NAVY BLUE,TPL,TPL-2123,KG,MICRO-INKS,null,,true,Sreeram,0,SREE RAM DYES & CHEMICALS,
DALLAS GREEN,TPL,TPL-2124,KG,MICRO-INKS,null,,true,Sreeram,0,SREE RAM DYES & CHEMICALS,
SKY BLUE,TPL,TPL-251,KG,MICRO-INKS,null,,true,Sreeram,0,SREE RAM DYES & CHEMICALS,
ROYAL BLUE,TPL,TPL-252,KG,MICRO-INKS,null,,true,Sreeram,0,SREE RAM DYES & CHEMICALS,
NAVY BLUE,TPL,TPL-255,KG,MICRO-INKS,null,,true,Sreeram,0,SREE RAM DYES & CHEMICALS,
TURQUOISE BLUE,TPL,TPL-257,KG,MICRO-INKS,null,,true,Sreeram,0,SREE RAM DYES & CHEMICALS,
OPAQUE WHITE,TPL,TPL-271,KG,MICRO-INKS,null,,true,Sreeram,0,SREE RAM DYES & CHEMICALS,
BRILLIANT WHITE,TPL,TPL-272,KG,MICRO-INKS,null,,true,Sreeram,0,SREE RAM DYES & CHEMICALS,
LITHO BACKUP WHITE,TPL,TPL-276,KG,MICRO-INKS,null,,true,Sreeram,0,SREE RAM DYES & CHEMICALS,
DENSE BLACK,TPL,TPL-281,KG,MICRO-INKS,null,,true,Sreeram,0,SREE RAM DYES & CHEMICALS,
FLOUROSCENT LN. YELLOW,TPL,TPL-501,KG,MICRO-INKS,null,,true,Sreeram,0,SREE RAM DYES & CHEMICALS,
FLOUROSCENT GN YELLOW,TPL,TPL-502,KG,MICRO-INKS,null,,true,Sreeram,0,SREE RAM DYES & CHEMICALS,
FLOUROSCENT ORANGE,TPL,TPL-511,KG,MICRO-INKS,null,,true,Sreeram,0,SREE RAM DYES & CHEMICALS,
FLOUROSCENT RED,TPL,TPL-521,KG,MICRO-INKS,null,,true,Sreeram,0,SREE RAM DYES & CHEMICALS,
FLOUROSCENT MAJENTHA,TPL,TPL-531,KG,MICRO-INKS,null,,true,Sreeram,0,SREE RAM DYES & CHEMICALS,
FLOUROSCENT GREEN,TPL,TPL-561,KG,MICRO-INKS,null,,true,Sreeram,0,SREE RAM DYES & CHEMICALS,
FLOUROSCENT CURABLE REDUCER,TPL,TPL-901,KG,MICRO-INKS,null,,true,Sreeram,0,SREE RAM DYES & CHEMICALS,
TEXOPLAST TPL WHITE,TPL,TPL-1015,KG,MICRO-INKS,null,,true,Sreeram,0,SREE RAM DYES & CHEMICALS,
USA TRANSFER GEL,TPL,TPL1002,KG,MICRO-INKS,null,,true,Sreeram,0,SREE RAM DYES & CHEMICALS,
100 MICRON FILM,PRINTING ADD ON,2172,SHEET,-,null,,true,Sreeram,0,SREE RAM DYES & CHEMICALS,
150 MICRON FILM,PRINTING ADD ON,8101,SHEET,-,null,,true,Sreeram,0,SREE RAM DYES & CHEMICALS,
200 MICRON FILM,PRINTING ADD ON,8102,SHEET,-,null,,true,Sreeram,0,SREE RAM DYES & CHEMICALS,
250 MICRON FILM,PRINTING ADD ON,8103,SHEET,-,null,,true,Sreeram,0,SREE RAM DYES & CHEMICALS,
300 MICRON FILM,PRINTING ADD ON,8104,SHEET,-,null,,true,Sreeram,0,SREE RAM DYES & CHEMICALS,
400 MICRON FILM ,PRINTING ADD ON,8105,SHEET,-,null,,true,Sreeram,0,SREE RAM DYES & CHEMICALS,
50 MICRON FILM,PRINTING ADD ON,8106,SHEET,-,null,,true,Sreeram,0,SREE RAM DYES & CHEMICALS,
YELLOW GGP,W/B,8107,KG,IMPERON,null,,true,Sreeram,0,SREE RAM DYES & CHEMICALS,
YELLOW RMP (Golden),W/B,8108,KG,IMPERON,null,,true,Sreeram,0,SREE RAM DYES & CHEMICALS,
ORANGE KCG,W/B,8109,KG,IMPERON,null,,true,Sreeram,0,SREE RAM DYES & CHEMICALS,
RED KC BG (DARK RED),W/B,8110,KG,IMPERON,null,,true,Sreeram,0,SREE RAM DYES & CHEMICALS,
RED GRE,W/B,8111,KG,IMPERON,null,,true,Sreeram,0,SREE RAM DYES & CHEMICALS,
VIOLET KCB,W/B,8112,KG,IMPERON,null,,true,Sreeram,0,SREE RAM DYES & CHEMICALS,
NAVY BLUE KCB,W/B,8113,KG,IMPERON,null,,true,Sreeram,0,SREE RAM DYES & CHEMICALS,
TURQUOISE BLUE KCBD,W/B,8114,KG,IMPERON,null,,true,Sreeram,0,SREE RAM DYES & CHEMICALS,
BLUE KB,W/B,8115,KG,IMPERON,null,,true,Sreeram,0,SREE RAM DYES & CHEMICALS,
GREEN KC G,W/B,8116,KG,IMPERON,null,,true,Sreeram,0,SREE RAM DYES & CHEMICALS,
BLACK KCG,W/B,8117,KG,IMPERON,null,,true,Sreeram,0,SREE RAM DYES & CHEMICALS,
BLACK KCNG,W/B,8118,KG,IMPERON,null,,true,Sreeram,0,SREE RAM DYES & CHEMICALS,
RED VIOLET,W/B,8119,KG,IMPERON,null,,true,Sreeram,0,SREE RAM DYES & CHEMICALS,
RUBINE RED,W/B,8120,KG,IMPERON,null,,true,Sreeram,0,SREE RAM DYES & CHEMICALS,
BLACK KC HFT,W/B,8121,KG,IMPERON,null,,true,Sreeram,0,SREE RAM DYES & CHEMICALS,
ORANGE KC RR,W/B,8122,KG,IMPERON,null,,true,Sreeram,0,SREE RAM DYES & CHEMICALS,
A3 FILM,SCREEN MAKING ACCESSORIES,8170,NOS,TECHNOVA,null,,true,Sreeram,0,SREE RAM DYES & CHEMICALS,
A4 FILM,SCREEN MAKING ACCESSORIES,8171,NOS,TECHNOVA,null,,true,Sreeram,0,SREE RAM DYES & CHEMICALS,
BOOSTER,SCREEN MAKING ACCESSORIES,8172,LITRE,TECHNOVA,null,,true,Sreeram,0,SREE RAM DYES & CHEMICALS,
FIXER 9,SCREEN MAKING ACCESSORIES,8173,NOS,PHOTOKINA,null,,true,Sreeram,0,SREE RAM DYES & CHEMICALS,
HARDNER A+B,SCREEN MAKING ACCESSORIES,8174,SET,-,null,,true,Sreeram,0,SREE RAM DYES & CHEMICALS,
SPONGE (PER PIECE),SCREEN MAKING ACCESSORIES,8175,PCS,-,null,,true,Sreeram,0,SREE RAM DYES & CHEMICALS,
DECOAT POWDER,SCREEN MAKING ACCESSORIES,8176,NOS,-,null,,true,Sreeram,0,SREE RAM DYES & CHEMICALS,
AMMONIUM BICROMATE,SCREEN MAKING ACCESSORIES,8177,KG,-,null,,true,Sreeram,0,SREE RAM DYES & CHEMICALS,
CLAMP (PER INCH),SCREEN MAKING ACCESSORIES,8178,INCH,-,null,,true,Sreeram,0,SREE RAM DYES & CHEMICALS,
KRAFT (1 QUIRE),SCREEN MAKING ACCESSORIES,8179,QUIRE,-,null,,true,Sreeram,0,SREE RAM DYES & CHEMICALS,
FLEX KIWIK,SCREEN MAKING ACCESSORIES,8180,PCS,-,null,,true,Sreeram,0,SREE RAM DYES & CHEMICALS,
POLYFIX,SCREEN MAKING ACCESSORIES,8181,KG,-,null,,true,Sreeram,0,SREE RAM DYES & CHEMICALS,
BELL PIN,SCREEN MAKING ACCESSORIES,8182,NOS,-,null,,true,Sreeram,0,SREE RAM DYES & CHEMICALS,
BLADE BOX BIG SIZE,SCREEN MAKING ACCESSORIES,8183,PCS,-,null,,true,Sreeram,0,SREE RAM DYES & CHEMICALS,
BLADE BOX SMALL SIZE,SCREEN MAKING ACCESSORIES,8184,PCS,-,null,,true,Sreeram,0,SREE RAM DYES & CHEMICALS,
CUTTER SMALL,SCREEN MAKING ACCESSORIES,8185,PCS,-,null,,true,Sreeram,0,SREE RAM DYES & CHEMICALS,
CUTTER BIG,SCREEN MAKING ACCESSORIES,8186,PCS,-,null,,true,Sreeram,0,SREE RAM DYES & CHEMICALS,
ELECTRIC MIXER,SCREEN MAKING ACCESSORIES,8187,NOS,-,null,,true,Sreeram,0,SREE RAM DYES & CHEMICALS,
HOT AIR GUN (DONG CHENG),SCREEN MAKING ACCESSORIES,8188,PCS,-,null,,true,Sreeram,0,SREE RAM DYES & CHEMICALS,
MIXER ROD,SCREEN MAKING ACCESSORIES,8189,PCS,-,null,,true,Sreeram,0,SREE RAM DYES & CHEMICALS,
INDOCOL,SCREEN MAKING ACCESSORIES,8190,KG,-,null,,true,Sreeram,0,SREE RAM DYES & CHEMICALS,
REECOL,SCREEN MAKING ACCESSORIES,8191,KG,-,null,,true,Sreeram,0,SREE RAM DYES & CHEMICALS,
ALFA REDUCER,SCREEN MAKING ACCESSORIES,8192,LITRE,-,null,,true,Sreeram,0,SREE RAM DYES & CHEMICALS,
ALFA CHROMO WASH,SCREEN MAKING ACCESSORIES,8193,LITRE,-,null,,true,Sreeram,0,SREE RAM DYES & CHEMICALS,
NC THINNER (1 LIT.),SCREEN MAKING ACCESSORIES,8194,LITRE,-,null,,true,Sreeram,0,SREE RAM DYES & CHEMICALS,
CS5 WR BLUE,SCREEN MAKING ACCESSORIES,8195,NOS,PHOTOKINA,null,,true,Sreeram,0,SREE RAM DYES & CHEMICALS,
CS5 WR RED,SCREEN MAKING ACCESSORIES,8196,NOS,PHOTOKINA,null,,true,Sreeram,0,SREE RAM DYES & CHEMICALS,
CS5 WR VIOLET,SCREEN MAKING ACCESSORIES,8197,NOS,PHOTOKINA,null,,true,Sreeram,0,SREE RAM DYES & CHEMICALS,
SENSITIZERS,SCREEN MAKING ACCESSORIES,8198,NOS,PHOTOKINA,null,,true,Sreeram,0,SREE RAM DYES & CHEMICALS,
CS5 WR/25 KG,SCREEN MAKING ACCESSORIES,8199,NOS,PHOTOKINA,null,,true,Sreeram,0,SREE RAM DYES & CHEMICALS,
IMAGE MATT,SCREEN MAKING ACCESSORIES,8200,NOS,PHOTOKINA,null,,true,Sreeram,0,SREE RAM DYES & CHEMICALS,
SHEBRO 234 COATING,SCREEN MAKING ACCESSORIES,8201,NOS,PHOTOKINA,null,,true,Sreeram,0,SREE RAM DYES & CHEMICALS,
TEXTILE DW,SCREEN MAKING ACCESSORIES,8202,NOS,PHOTOKINA,null,,true,Sreeram,0,SREE RAM DYES & CHEMICALS,
ULANO QTX,SCREEN MAKING ACCESSORIES,8203,NOS,-,null,,true,Sreeram,0,SREE RAM DYES & CHEMICALS,
PAPER GUM TAPE,SCREEN MAKING ACCESSORIES,8204,NOS,-,null,,true,Sreeram,0,SREE RAM DYES & CHEMICALS,
PHOTOSOL VIOLET,SCREEN MAKING ACCESSORIES,8205,NOS,PHOTOKINA,null,,true,Sreeram,0,SREE RAM DYES & CHEMICALS,
PHOTOTEX CTS,SCREEN MAKING ACCESSORIES,8206,NOS,PHOTOKINA,null,,true,Sreeram,0,SREE RAM DYES & CHEMICALS,
SHEBRO SPT HV,SCREEN MAKING ACCESSORIES,8207,NOS,PHOTOKINA,null,,true,Sreeram,0,SREE RAM DYES & CHEMICALS,
PVA POWDER,SCREEN MAKING ACCESSORIES,8208,KG,-,null,,true,Sreeram,0,SREE RAM DYES & CHEMICALS,
SCREEN OPENER,SCREEN MAKING ACCESSORIES,8209,NOS,-,null,,true,Sreeram,0,SREE RAM DYES & CHEMICALS,
SILICONE EXTRA,SCREEN MAKING ACCESSORIES,8210,PCS,-,null,,true,Sreeram,0,SREE RAM DYES & CHEMICALS,
TEEPAL (1 LIT.),PRINTING ADD ON,8211,LITRE,-,null,,true,Sreeram,0,SREE RAM DYES & CHEMICALS,
TEEPAL (10 LIT.),PRINTING ADD ON,8212,LITRE,-,null,,true,Sreeram,0,SREE RAM DYES & CHEMICALS,
ODAM (PER INCH),SCREEN MAKING ACCESSORIES,8213,INCH,-,null,,true,Sreeram,0,SREE RAM DYES & CHEMICALS,
EMERY SHEET,SCREEN MAKING ACCESSORIES,8214,PCS,-,null,,true,Sreeram,0,SREE RAM DYES & CHEMICALS,
STAG BOND (1 LIT.),SCREEN MAKING ACCESSORIES,8215,LITRE,-,null,,true,Sreeram,0,SREE RAM DYES & CHEMICALS,
STAG BOND (5 LIT.),SCREEN MAKING ACCESSORIES,8216,LITRE,-,null,,true,Sreeram,0,SREE RAM DYES & CHEMICALS,
EZYCOAT 828 (10 LIT.),SCREEN MAKING ACCESSORIES,8217,LITRE,-,null,,true,Sreeram,0,SREE RAM DYES & CHEMICALS,
EZYCOAT 828 (1 LIT.),SCREEN MAKING ACCESSORIES,8218,LITRE,-,null,,true,Sreeram,0,SREE RAM DYES & CHEMICALS,
SQUEEZEE (PER INCH) (MACHINE),SCREEN MAKING ACCESSORIES,8219,INCH,-,null,,true,Sreeram,0,SREE RAM DYES & CHEMICALS,
SQUEEZEE SCRAPPER (PER INCH) (MACHINE),SCREEN MAKING ACCESSORIES,8220,INCH,-,null,,true,Sreeram,0,SREE RAM DYES & CHEMICALS,
SQUEEZEE (PER INCH) (TABLE SCRAPPER),SCREEN MAKING ACCESSORIES,8221,INCH,-,null,,true,Sreeram,0,SREE RAM DYES & CHEMICALS,
SQUEEZEE (PER INCH) (V SHAPE),SCREEN MAKING ACCESSORIES,8222,INCH,-,null,,true,Sreeram,0,SREE RAM DYES & CHEMICALS,
SQUEEZEE (PER INCH) 1 INCH,SCREEN MAKING ACCESSORIES,8223,INCH,-,null,,true,Sreeram,0,SREE RAM DYES & CHEMICALS,
SQUEEZEE RUBBER (PER INCH) U SHAPE,SCREEN MAKING ACCESSORIES,8224,INCH,-,null,,true,Sreeram,0,SREE RAM DYES & CHEMICALS,
SQUEEZEE (PER INCH) 10 MM,SCREEN MAKING ACCESSORIES,8225,INCH,-,null,,true,Sreeram,0,SREE RAM DYES & CHEMICALS,
SQUEEZEE (PER INCH) (WHITE V SHAPE SCRAPPER) W/B,SCREEN MAKING ACCESSORIES,8226,INCH,-,null,,true,Sreeram,0,SREE RAM DYES & CHEMICALS,
SQUEEZEE (PER INCH) (RED V SHAPE SCRAPPER),SCREEN MAKING ACCESSORIES,8227,INCH,-,null,,true,Sreeram,0,SREE RAM DYES & CHEMICALS,
SQUEEZEE (PER INCH) (WHITE V SHAPE SCRAPPER),SCREEN MAKING ACCESSORIES,8228,INCH,-,null,,true,Sreeram,0,SREE RAM DYES & CHEMICALS,
ALMINIUM SQUEEZEE (PER INCH),SCREEN MAKING ACCESSORIES,8229,INCH,-,null,,true,Sreeram,0,SREE RAM DYES & CHEMICALS,
FUSING PAPER (KG),SCREEN MAKING ACCESSORIES,8230,KG,-,null,,true,Sreeram,0,SREE RAM DYES & CHEMICALS,
FUSING PAPER (IMPORTED),SCREEN MAKING ACCESSORIES,8231,KG,-,null,,true,Sreeram,0,SREE RAM DYES & CHEMICALS,
IP OIL,SCREEN MAKING ACCESSORIES,8232,NOS,-,null,,true,Sreeram,0,SREE RAM DYES & CHEMICALS,
LILLY PIN,SCREEN MAKING ACCESSORIES,8233,PCS,-,null,,true,Sreeram,0,SREE RAM DYES & CHEMICALS,
"LIQUID AMMONIA (PER LIT, 35 LIT PACKING)",SCREEN MAKING ACCESSORIES,8234,LITRE,-,null,,true,Sreeram,0,SREE RAM DYES & CHEMICALS,
LIQUID AMMONIA (450 ML),SCREEN MAKING ACCESSORIES,8235,NOS,-,null,,true,Sreeram,0,SREE RAM DYES & CHEMICALS,
PACKING TAPE 1”,SCREEN MAKING ACCESSORIES,8236,PCS,-,null,,true,Sreeram,0,SREE RAM DYES & CHEMICALS,
PACKING TAPE 2”,SCREEN MAKING ACCESSORIES,8237,PCS,-,null,,true,Sreeram,0,SREE RAM DYES & CHEMICALS,
PACKING TAPE 3”,SCREEN MAKING ACCESSORIES,8238,PCS,-,null,,true,Sreeram,0,SREE RAM DYES & CHEMICALS,
PATTI,SCREEN MAKING ACCESSORIES,8239,PCS,-,null,,true,Sreeram,0,SREE RAM DYES & CHEMICALS,
SCALE (24 INCHES),SCREEN MAKING ACCESSORIES,8240,NOS,-,null,,true,Sreeram,0,SREE RAM DYES & CHEMICALS,
SCALE (12 INCHES),SCREEN MAKING ACCESSORIES,8241,NOS,-,null,,true,Sreeram,0,SREE RAM DYES & CHEMICALS,
SCALE (6 INCHES),SCREEN MAKING ACCESSORIES,8242,NOS,-,null,,true,Sreeram,0,SREE RAM DYES & CHEMICALS,
TRACING FILM,SCREEN MAKING ACCESSORIES,8243,MTR,-,null,,true,Sreeram,0,SREE RAM DYES & CHEMICALS,
WHITE OIL,SCREEN MAKING ACCESSORIES,8244,PCS,-,null,,true,Sreeram,0,SREE RAM DYES & CHEMICALS,
FUSING BED – SILICON,SCREEN MAKING ACCESSORIES,8245,PCS,-,null,,true,Sreeram,0,SREE RAM DYES & CHEMICALS,
FUSING BED – RUBBER,SCREEN MAKING ACCESSORIES,8246,PCS,-,null,,true,Sreeram,0,SREE RAM DYES & CHEMICALS,
NYLON MESH 20,SCREEN MAKING ACCESSORIES,8247,MTR,-,null,,true,Sreeram,0,SREE RAM DYES & CHEMICALS,
NYLON MESH 40,SCREEN MAKING ACCESSORIES,8248,MTR,-,null,,true,Sreeram,0,SREE RAM DYES & CHEMICALS,
NYLON MESH 60,SCREEN MAKING ACCESSORIES,8249,MTR,-,null,,true,Sreeram,0,SREE RAM DYES & CHEMICALS,
NYLON MESH 80,SCREEN MAKING ACCESSORIES,8250,MTR,-,null,,true,Sreeram,0,SREE RAM DYES & CHEMICALS,
NYLON MESH 100,SCREEN MAKING ACCESSORIES,8251,MTR,-,null,,true,Sreeram,0,SREE RAM DYES & CHEMICALS,
NYLON MESH 120,SCREEN MAKING ACCESSORIES,8252,MTR,DATT,null,,true,Sreeram,0,SREE RAM DYES & CHEMICALS,
NYLON MESH 120 NEW,SCREEN MAKING ACCESSORIES,8253,MTR,-,null,,true,Sreeram,0,SREE RAM DYES & CHEMICALS,
NYLON MESH 120 SPL,SCREEN MAKING ACCESSORIES,8254,MTR,RESHMI,null,,true,Sreeram,0,SREE RAM DYES & CHEMICALS,
NYLON MESH 140,SCREEN MAKING ACCESSORIES,8255,MTR,DATT,null,,true,Sreeram,0,SREE RAM DYES & CHEMICALS,
NYLON MESH 140 BLUE ,SCREEN MAKING ACCESSORIES,8256,MTR,-,null,,true,Sreeram,0,SREE RAM DYES & CHEMICALS,
NYLON MESH 140 SPL,SCREEN MAKING ACCESSORIES,8257,MTR,RESHMI,null,,true,Sreeram,0,SREE RAM DYES & CHEMICALS,
NYLON MESH 160,SCREEN MAKING ACCESSORIES,8258,MTR,DATT,null,,true,Sreeram,0,SREE RAM DYES & CHEMICALS,
NYLON MESH 160 SPL,SCREEN MAKING ACCESSORIES,8259,MTR,RESHMI,null,,true,Sreeram,0,SREE RAM DYES & CHEMICALS,
NYLON MESH 180,SCREEN MAKING ACCESSORIES,8260,MTR,DATT,null,,true,Sreeram,0,SREE RAM DYES & CHEMICALS,
NYLON MESH 200,SCREEN MAKING ACCESSORIES,8261,MTR,DATT,null,,true,Sreeram,0,SREE RAM DYES & CHEMICALS,
NYLON MESH 200 SPL,SCREEN MAKING ACCESSORIES,8262,MTR,-,null,,true,Sreeram,0,SREE RAM DYES & CHEMICALS,
POLYESTER MESH 40,SCREEN MAKING ACCESSORIES,8263,MTR,-,null,,true,Sreeram,0,SREE RAM DYES & CHEMICALS,
POLYESTER MESH 60,SCREEN MAKING ACCESSORIES,8264,MTR,-,null,,true,Sreeram,0,SREE RAM DYES & CHEMICALS,
POLYESTER MESH 80,SCREEN MAKING ACCESSORIES,8265,MTR,-,null,,true,Sreeram,0,SREE RAM DYES & CHEMICALS,
POLYESTER MESH 100,SCREEN MAKING ACCESSORIES,8266,MTR,-,null,,true,Sreeram,0,SREE RAM DYES & CHEMICALS,
POLYESTER MESH 120,SCREEN MAKING ACCESSORIES,8267,MTR,DATT,null,,true,Sreeram,0,SREE RAM DYES & CHEMICALS,
POLYESTER MESH 140,SCREEN MAKING ACCESSORIES,8268,MTR,DATT,null,,true,Sreeram,0,SREE RAM DYES & CHEMICALS,
POLYESTER MESH 160,SCREEN MAKING ACCESSORIES,8269,MTR,RESHMI,null,,true,Sreeram,0,SREE RAM DYES & CHEMICALS,
POLYESTER MESH 180,SCREEN MAKING ACCESSORIES,8270,MTR,-,null,,true,Sreeram,0,SREE RAM DYES & CHEMICALS,
POLYESTER MESH 200,SCREEN MAKING ACCESSORIES,8271,MTR,-,null,,true,Sreeram,0,SREE RAM DYES & CHEMICALS,
SULZAR MESH 80,SCREEN MAKING ACCESSORIES,8272,MTR,-,null,,true,Sreeram,0,SREE RAM DYES & CHEMICALS,
SULZAR MESH 100,SCREEN MAKING ACCESSORIES,8273,MTR,DATT,null,,true,Sreeram,0,SREE RAM DYES & CHEMICALS,
SULZAR MESH 120,SCREEN MAKING ACCESSORIES,8274,MTR,DATT,null,,true,Sreeram,0,SREE RAM DYES & CHEMICALS,
SULZAR MESH 140,SCREEN MAKING ACCESSORIES,8275,MTR,-,null,,true,Sreeram,0,SREE RAM DYES & CHEMICALS,
SULZAR MESH 160,SCREEN MAKING ACCESSORIES,8276,MTR,-,null,,true,Sreeram,0,SREE RAM DYES & CHEMICALS,
SULZAR MESH 180,SCREEN MAKING ACCESSORIES,8277,MTR,-,null,,true,Sreeram,0,SREE RAM DYES & CHEMICALS,
SULZAR MESH 200,SCREEN MAKING ACCESSORIES,8278,MTR,-,null,,true,Sreeram,0,SREE RAM DYES & CHEMICALS,
10T POLYESTER (25 MESH),SCREEN MAKING ACCESSORIES,8279,MTR,IMPORTED,null,,true,Sreeram,0,SREE RAM DYES & CHEMICALS,
12T POLYESTER (30 MESH),SCREEN MAKING ACCESSORIES,8280,MTR,IMPORTED,null,,true,Sreeram,0,SREE RAM DYES & CHEMICALS,
15T POLYESTER (40 MESH),SCREEN MAKING ACCESSORIES,8281,MTR,IMPORTED,null,,true,Sreeram,0,SREE RAM DYES & CHEMICALS,
18T POLYESTER (45 MESH),SCREEN MAKING ACCESSORIES,8282,MTR,IMPORTED,null,,true,Sreeram,0,SREE RAM DYES & CHEMICALS,
24T POLYESTER (60 MESH),SCREEN MAKING ACCESSORIES,8283,MTR,IMPORTED,null,,true,Sreeram,0,SREE RAM DYES & CHEMICALS,
32T POLYESTER (80 MESH),SCREEN MAKING ACCESSORIES,8284,MTR,IMPORTED,null,,true,Sreeram,0,SREE RAM DYES & CHEMICALS,
40T POLYESTER (100 MESH),SCREEN MAKING ACCESSORIES,8285,MTR,IMPORTED,null,,true,Sreeram,0,SREE RAM DYES & CHEMICALS,
48T POLYESTER (120 MESH),SCREEN MAKING ACCESSORIES,8286,MTR,IMPORTED,null,,true,Sreeram,0,SREE RAM DYES & CHEMICALS,
"54T, 55T POLYESTER (140 MESH)",SCREEN MAKING ACCESSORIES,8287,MTR,IMPORTED,null,,true,Sreeram,0,SREE RAM DYES & CHEMICALS,
"62T, 64T POLYESTER (160 MESH)",SCREEN MAKING ACCESSORIES,8288,MTR,IMPORTED,null,,true,Sreeram,0,SREE RAM DYES & CHEMICALS,
72T POLYESTER (180 MESH),SCREEN MAKING ACCESSORIES,8289,MTR,IMPORTED,null,,true,Sreeram,0,SREE RAM DYES & CHEMICALS,
80T POLYESTER (200 MESH),SCREEN MAKING ACCESSORIES,8290,MTR,IMPORTED,null,,true,Sreeram,0,SREE RAM DYES & CHEMICALS,
120T POLYESTER YELLOW (300 MESH),SCREEN MAKING ACCESSORIES,8291,MTR,IMPORTED,null,,true,Sreeram,0,SREE RAM DYES & CHEMICALS,
A101 TRANSFER HD WHITE WB,W/B,8292,KG,-,null,,true,Sreeram,0,SREE RAM DYES & CHEMICALS,
B102 TRANSFER CLEAR HD WB,W/B,8293,KG,-,null,,true,Sreeram,0,SREE RAM DYES & CHEMICALS,
A103 TRANSFER MIDDLE CLEAR WB,W/B,8294,KG,-,null,,true,Sreeram,0,SREE RAM DYES & CHEMICALS,
A104 HOT MELT GLUE WB,W/B,8295,KG,CSC,null,,true,Sreeram,0,SREE RAM DYES & CHEMICALS,
3280 TABLE WHITE ,W/B,8296,KG,CSC,null,,true,Sreeram,0,SREE RAM DYES & CHEMICALS,
3280 MACHINE WHITE,W/B,8297,KG,CSC,null,,true,Sreeram,0,SREE RAM DYES & CHEMICALS,
STRETCH KHADI (MACHINE WHITE),W/B,8298,KG,-,null,,true,Sreeram,0,SREE RAM DYES & CHEMICALS,
ANTEX XP 50 MACHINE ,W/B,8299,KG,-,null,,true,Sreeram,0,SREE RAM DYES & CHEMICALS,
3100 CLEAR TABLE,W/B,8300,KG,CSC,null,,true,Sreeram,0,SREE RAM DYES & CHEMICALS,
TABLE STONE CLEAR ,W/B,8301,KG,-,null,,true,Sreeram,0,SREE RAM DYES & CHEMICALS,
ECOTECH WHITE ,W/B,8302,KG,-,null,,true,Sreeram,0,SREE RAM DYES & CHEMICALS,
ECOTECH COLOURS,W/B,8303,KG,-,null,,true,Sreeram,0,SREE RAM DYES & CHEMICALS,
ECOSOL E1 WHITE,W/B,8304,KG,-,null,,true,Sreeram,0,SREE RAM DYES & CHEMICALS,
ECOSOL E1 CLEAR,W/B,8305,KG,-,null,,true,Sreeram,0,SREE RAM DYES & CHEMICALS,
GENISIS WHITE (POLYESTER),W/B,8306,KG,CSC,null,,true,Sreeram,0,SREE RAM DYES & CHEMICALS,
GENESIS CLEAR (POLYESTER),W/B,8307,KG,CSC,null,,true,Sreeram,0,SREE RAM DYES & CHEMICALS,
GENESIS THICKNER,W/B,8308,KG,CSC,null,,true,Sreeram,0,SREE RAM DYES & CHEMICALS,
TABLE READY BLACK,W/B,8309,KG,-,null,,true,Sreeram,0,SREE RAM DYES & CHEMICALS,
COLOUR BASE,W/B,8310,KG,-,null,,true,Sreeram,0,SREE RAM DYES & CHEMICALS,
BLACK,W/B,8311,KG,DUCOL,null,,true,Sreeram,0,SREE RAM DYES & CHEMICALS,
ORANGE,W/B,8312,KG,DUCOL,null,,true,Sreeram,0,SREE RAM DYES & CHEMICALS,
GREEN,W/B,8313,KG,DUCOL,null,,true,Sreeram,0,SREE RAM DYES & CHEMICALS,
"CRIMSON RED, LAKE RED, BLOOD RED",W/B,8314,KG,DUCOL,null,,true,Sreeram,0,SREE RAM DYES & CHEMICALS,
FIRE RED,W/B,8315,KG,DUCOL,null,,true,Sreeram,0,SREE RAM DYES & CHEMICALS,
GOLDEN YELLOW,W/B,8316,KG,DUCOL,null,,true,Sreeram,0,SREE RAM DYES & CHEMICALS,
LEMON YELLOW,W/B,8317,KG,DUCOL,null,,true,Sreeram,0,SREE RAM DYES & CHEMICALS,
ROYAL BLUE,W/B,8318,KG,DUCOL,null,,true,Sreeram,0,SREE RAM DYES & CHEMICALS,
NAVY BLUE,W/B,8319,KG,DUCOL,null,,true,Sreeram,0,SREE RAM DYES & CHEMICALS,
TURQUISE BLUE,W/B,8320,KG,DUCOL,null,,true,Sreeram,0,SREE RAM DYES & CHEMICALS,
VIOLET,W/B,8321,KG,DUCOL,null,,true,Sreeram,0,SREE RAM DYES & CHEMICALS,
AUTO CRACK WHITE,W/B,8322,KG,-,null,,true,Sreeram,0,SREE RAM DYES & CHEMICALS,
AUTO CRACK WHITE NEW,W/B,8323,KG,-,null,,true,Sreeram,0,SREE RAM DYES & CHEMICALS,
AUTO CRACK BASE COAT,W/B,8324,KG,-,null,,true,Sreeram,0,SREE RAM DYES & CHEMICALS,
PEARL PASTE,W/B,8325,KG,-,null,,true,Sreeram,0,SREE RAM DYES & CHEMICALS,
HI SELF SHINE PEARL PASTE,W/B,8326,KG,-,null,,true,Sreeram,0,SREE RAM DYES & CHEMICALS,
TEXPRINT MCK (MANUAL CRACK),W/B,8327,KG,-,null,,true,Sreeram,0,SREE RAM DYES & CHEMICALS,
ZAQ 10191 TRANS INK,W/B,8328,KG,-,null,,true,Sreeram,0,SREE RAM DYES & CHEMICALS,
B2 SILVER SIMMER M/C,W/B,8329,KG,-,null,,true,Sreeram,0,SREE RAM DYES & CHEMICALS,
ANTI FOIL GEL WITH FIXER,W/B,8330,KG,-,null,,true,Sreeram,0,SREE RAM DYES & CHEMICALS,
B2 HOT FOIL PASTE (CREDIT 800),W/B,8331,KG,-,null,,true,Sreeram,0,SREE RAM DYES & CHEMICALS,
SKY DISCHARGE WHITE,W/B,8332,KG,-,null,,true,Sreeram,0,SREE RAM DYES & CHEMICALS,
CSC GENESIS GREY BASE,W/B,8333,KG,-,null,,true,Sreeram,0,SREE RAM DYES & CHEMICALS,
LYGRA GEL,W/B,8334,KG,-,null,,true,Sreeram,0,SREE RAM DYES & CHEMICALS,
SUPER PLASTIC PSS,W/B,8335,KG,-,null,,true,Sreeram,0,SREE RAM DYES & CHEMICALS,
COLD FIXING AGENT,W/B,8336,KG,-,null,,true,Sreeram,0,SREE RAM DYES & CHEMICALS,
SILVER COLOUR BASE,W/B,8337,KG,-,null,,true,Sreeram,0,SREE RAM DYES & CHEMICALS,
FIXER N,W/B,8338,KG,-,null,,true,Sreeram,0,SREE RAM DYES & CHEMICALS,
FS-ANTI MIGRATION WHITE RUBBER PASTE,W/B,8339,KG,-,null,,true,Sreeram,0,SREE RAM DYES & CHEMICALS,
VELVET FOAM,W/B,8340,KG,-,null,,true,Sreeram,0,SREE RAM DYES & CHEMICALS,
BURNO OUT PASTE,W/B,8341,KG,-,null,,true,Sreeram,0,SREE RAM DYES & CHEMICALS,
BAIRAVI PU GLOSSY GEL (BILL CATALYST 2%),W/B,8342,KG,-,null,,true,Sreeram,0,SREE RAM DYES & CHEMICALS,
COPPER SIMMER W/B,W/B,8343,KG,-,null,,true,Sreeram,0,SREE RAM DYES & CHEMICALS,
XL FOAM,W/B,8344,KG,DUCOL,null,,true,Sreeram,0,SREE RAM DYES & CHEMICALS,
OIL PASTE,W/B,8345,KG,-,null,,true,Sreeram,0,SREE RAM DYES & CHEMICALS,
WATER PASTE,W/B,8346,KG,-,null,,true,Sreeram,0,SREE RAM DYES & CHEMICALS,
IMP. WATER PASTE,W/B,8347,KG,-,null,,true,Sreeram,0,SREE RAM DYES & CHEMICALS,
DISCHARGE WHITE,W/B,8348,KG,PIDILITE,null,,true,Sreeram,0,SREE RAM DYES & CHEMICALS,
DISCHARGE CLEAR,W/B,8349,KG,PIDILITE,null,,true,Sreeram,0,SREE RAM DYES & CHEMICALS,
DISCHARGE WHITE,W/B,8350,KG,ELECTRON,null,,true,Sreeram,0,SREE RAM DYES & CHEMICALS,
DISCHARGE CLEAR,W/B,8351,KG,ELECTRON,null,,true,Sreeram,0,SREE RAM DYES & CHEMICALS,
DISCHARGE ACTIVATOR,W/B,8352,KG,-,null,,true,Sreeram,0,SREE RAM DYES & CHEMICALS,
MIXING AID (NON CHOCKING OIL),W/B,8353,KG,-,null,,true,Sreeram,0,SREE RAM DYES & CHEMICALS,
LM FOIL GEL,W/B,8354,KG,-,null,,true,Sreeram,0,SREE RAM DYES & CHEMICALS,
PROCESS COLORS (CYMK),W/B,8355,KG,-,null,,true,Sreeram,0,SREE RAM DYES & CHEMICALS,
"GRAFCO FLUO. COLORS (YELLOW, MAJENTHA, PINK, ORANGE, GREEN)",W/B,8356,KG,-,null,,true,Sreeram,0,SREE RAM DYES & CHEMICALS,
GHADI (ARTEX),W/B,8357,KG,-,null,,true,Sreeram,0,SREE RAM DYES & CHEMICALS,
TEXAPRINT AFK,W/B,8358,KG,-,null,,true,Sreeram,0,SREE RAM DYES & CHEMICALS,
SPL. FOAM,W/B,8359,KG,-,null,,true,Sreeram,0,SREE RAM DYES & CHEMICALS,
MATTING AGENT,W/B,8360,KG,-,null,,true,Sreeram,0,SREE RAM DYES & CHEMICALS,
GERMAN WHITE,W/B,8361,KG,-,null,,true,Sreeram,0,SREE RAM DYES & CHEMICALS,
008 CATALYST,W/B,8362,KG,-,null,,true,Sreeram,0,SREE RAM DYES & CHEMICALS,
BRIGHT SILVER SIMMER READYMIX W/B,W/B,8363,KG,-,null,,true,Sreeram,0,SREE RAM DYES & CHEMICALS,
BRIGHT GOLD SIMMER READYMIX W/B,W/B,8364,KG,-,null,,true,Sreeram,0,SREE RAM DYES & CHEMICALS,
SUPER SOFT WHITE,W/B,8365,KG,-,null,,true,Sreeram,0,SREE RAM DYES & CHEMICALS,
SUPER SOFT CLEAR,W/B,8366,KG,-,null,,true,Sreeram,0,SREE RAM DYES & CHEMICALS,
PERFECT WHITE,W/B,8367,KG,-,null,,true,Sreeram,0,SREE RAM DYES & CHEMICALS,
PERFECT CLEAR,W/B,8368,KG,-,null,,true,Sreeram,0,SREE RAM DYES & CHEMICALS,
SUPER ARREST WHITE,W/B,8369,KG,-,null,,true,Sreeram,0,SREE RAM DYES & CHEMICALS,
B2 FOAM,W/B,8370,KG,B2,null,,true,Sreeram,0,SREE RAM DYES & CHEMICALS,
424 STRETCH WHITE,W/B,8371,KG,-,null,,true,Sreeram,0,SREE RAM DYES & CHEMICALS,
424 STRETCH CLEAR,W/B,8372,KG,-,null,,true,Sreeram,0,SREE RAM DYES & CHEMICALS,
DIGITAL WHITE,W/B,8373,KG,-,null,,true,Sreeram,0,SREE RAM DYES & CHEMICALS,
DIGITAL CLEAR,W/B,8374,KG,-,null,,true,Sreeram,0,SREE RAM DYES & CHEMICALS,
YELLOW SPARKLE GLITTER 8 MM,PRINTING ADD ON,8375,KG,-,null,,true,Sreeram,0,SREE RAM DYES & CHEMICALS,
YELLOW SPARKLE GLITTER 4 MM,PRINTING ADD ON,8376,KG,-,null,,true,Sreeram,0,SREE RAM DYES & CHEMICALS,
GENESIS GREY BASE,W/B,8377,KG,-,null,,true,Sreeram,0,SREE RAM DYES & CHEMICALS,
LIQUID THICKNER,PRINTING ADD ON,8378,KG,-,null,,true,Sreeram,0,SREE RAM DYES & CHEMICALS,
PEARL PASTE READYMIX OB,TPL,8379,KG,-,null,,true,Sreeram,0,SREE RAM DYES & CHEMICALS,
SRIVY 9044 REDUCER,PRINTING ADD ON,8380,KG,-,null,,true,Sreeram,0,SREE RAM DYES & CHEMICALS,
SRIVY 9044 REDUCER (5 LIT.),PRINTING ADD ON,8381,KG,-,null,,true,Sreeram,0,SREE RAM DYES & CHEMICALS,
SOAP OIL,PRINTING ADD ON,8382,KG,-,null,,true,Sreeram,0,SREE RAM DYES & CHEMICALS,
HOT MELT POWDER 80-200,STICKER,8383,KG,-,null,,true,Sreeram,0,SREE RAM DYES & CHEMICALS,
HOT MELT POWDER 0-80,STICKER,8384,KG,-,null,,true,Sreeram,0,SREE RAM DYES & CHEMICALS,
HOT MELT POWDER 0-80 POLYESTER,STICKER,8385,KG,-,null,,true,Sreeram,0,SREE RAM DYES & CHEMICALS,
HOT MELT POWDER BLACK,STICKER,8386,KG,-,null,,true,Sreeram,0,SREE RAM DYES & CHEMICALS,
HOT MELT GLUE/GUM SHEET(PIDILITE),PRINTING ADD ON,8387,KG,-,null,,true,Sreeram,0,SREE RAM DYES & CHEMICALS,
HOT MELT GLUE/GUM SHEET NEW (40”X40”),PRINTING ADD ON,8388,KG,-,null,,true,Sreeram,0,SREE RAM DYES & CHEMICALS,
"FLOCK SHEET (20”X25”) G.YELLOW, GREEN, D.GREEN, RED, BLACK, OFF WHITE, NAVYBLLUE",PRINTING ADD ON,8389,KG,-,null,,true,Sreeram,0,SREE RAM DYES & CHEMICALS,
GLYCERIN,PRINTING ADD ON,8390,KG,-,null,,true,Sreeram,0,SREE RAM DYES & CHEMICALS,
DAP,PRINTING ADD ON,8391,KG,-,null,,true,Sreeram,0,SREE RAM DYES & CHEMICALS,
FLOCK POWDER,PRINTING ADD ON,8392,KG,-,null,,true,Sreeram,0,SREE RAM DYES & CHEMICALS,
FLOCK POWDER (0.5 MM),PRINTING ADD ON,8393,KG,-,null,,true,Sreeram,0,SREE RAM DYES & CHEMICALS,
FLOCK POWDER (HEAT RESISTANCE),PRINTING ADD ON,8394,KG,-,null,,true,Sreeram,0,SREE RAM DYES & CHEMICALS,
BEADS,PRINTING ADD ON,8395,KG,-,null,,true,Sreeram,0,SREE RAM DYES & CHEMICALS,
BEADS SMALL,PRINTING ADD ON,8396,KG,-,null,,true,Sreeram,0,SREE RAM DYES & CHEMICALS,
METALLIC BEADS,PRINTING ADD ON,8397,KG,-,null,,true,Sreeram,0,SREE RAM DYES & CHEMICALS,
THICKENER POWDER,PRINTING ADD ON,8398,KG,-,null,,true,Sreeram,0,SREE RAM DYES & CHEMICALS,
PEARL POWDER,PRINTING ADD ON,8399,KG,-,null,,true,Sreeram,0,SREE RAM DYES & CHEMICALS,
PEARL POWDER (TOYS),PRINTING ADD ON,8400,KG,-,null,,true,Sreeram,0,SREE RAM DYES & CHEMICALS,
BUTTER PAPER (20” X 11”) TISSUE,PRINTING ADD ON,8401,KG,-,null,,true,Sreeram,0,SREE RAM DYES & CHEMICALS,
YELLOW GUM POWDER,PRINTING ADD ON,8402,KG,-,null,,true,Sreeram,0,SREE RAM DYES & CHEMICALS,
CEEPAL,PRINTING ADD ON,8403,KG,-,null,,true,Sreeram,0,SREE RAM DYES & CHEMICALS,
TEFLON SHEET SHINING,PRINTING ADD ON,8404,KG,-,null,,true,Sreeram,0,SREE RAM DYES & CHEMICALS,
TEFLON SHEET MATT,PRINTING ADD ON,8405,KG,-,null,,true,Sreeram,0,SREE RAM DYES & CHEMICALS,
TEXTILE PRINTING PALETTE PAPER,PRINTING ADD ON,8406,KG,-,null,,true,Sreeram,0,SREE RAM DYES & CHEMICALS,
TEMPERATURE STRIP (120 C 171 C),PRINTING ADD ON,8407,KG,-,null,,true,Sreeram,0,SREE RAM DYES & CHEMICALS,
GRAFCO PRINT REMOVER,PRINTING ADD ON,8408,KG,-,null,,true,Sreeram,0,SREE RAM DYES & CHEMICALS,
HOT MELT POWDER ANTI MIGRATION POWDER,STICKER,8409,KG,-,null,,true,Sreeram,0,SREE RAM DYES & CHEMICALS,
FIXER 104,W/B,8410,KG,-,null,,true,Sreeram,0,SREE RAM DYES & CHEMICALS,
MATT POWDER,PRINTING ADD ON,8411,KG,-,null,,true,Sreeram,0,SREE RAM DYES & CHEMICALS,
FUSING SHEET,PRINTING ADD ON,8412,KG,-,null,,true,Sreeram,0,SREE RAM DYES & CHEMICALS,
FOIL GEL,W/B,8413,KG,-,null,,true,Sreeram,0,SREE RAM DYES & CHEMICALS,
WHITE FABRIC REMOVING OIL,PRINTING ADD ON,8414,KG,-,null,,true,Sreeram,0,SREE RAM DYES & CHEMICALS,
SSIAC PRINT REMOVER NEW,PRINTING ADD ON,8415,KG,-,null,,true,Sreeram,0,SREE RAM DYES & CHEMICALS,
KYB REDUCER,PRINTING ADD ON,8416,KG,-,null,,true,Sreeram,0,SREE RAM DYES & CHEMICALS,
DTF POWDER,PRINTING ADD ON,8417,KG,-,null,,true,Sreeram,0,SREE RAM DYES & CHEMICALS,
SUPER BOND ECO FRIENDLY (1 KG),SCREEN MAKING ACCESSORIES,8418,KG,-,null,,true,Sreeram,0,SREE RAM DYES & CHEMICALS,
SUPER BOND ECO FRIENDLY (5 KG PACKING) (PER KG),SCREEN MAKING ACCESSORIES,8419,KG,-,null,,true,Sreeram,0,SREE RAM DYES & CHEMICALS,
SUPER BOND PS 1 KG,SCREEN MAKING ACCESSORIES,8420,KG,-,null,,true,Sreeram,0,SREE RAM DYES & CHEMICALS,
SUPER BOND PS 5 KGS.,SCREEN MAKING ACCESSORIES,8421,KG,-,null,,true,Sreeram,0,SREE RAM DYES & CHEMICALS,
SUPER BOND SHE,SCREEN MAKING ACCESSORIES,8422,KG,-,null,,true,Sreeram,0,SREE RAM DYES & CHEMICALS,
PIDIVYL TGPF (1 KG),SCREEN MAKING ACCESSORIES,8423,KG,-,null,,true,Sreeram,0,SREE RAM DYES & CHEMICALS,
PIDIVYL TGPF (7.5 KGS),SCREEN MAKING ACCESSORIES,8424,KG,-,null,,true,Sreeram,0,SREE RAM DYES & CHEMICALS,
EMDILITH DM 45 (1 OR 2 KGS PACKING),SCREEN MAKING ACCESSORIES,8425,KG,-,null,,true,Sreeram,0,SREE RAM DYES & CHEMICALS,
EMDILITH DM 45 (5 KG PACKING),SCREEN MAKING ACCESSORIES,8426,KG,-,null,,true,Sreeram,0,SREE RAM DYES & CHEMICALS,
EMDILITH DM 47 (50 KG PACKING),SCREEN MAKING ACCESSORIES,8427,KG,-,null,,true,Sreeram,0,SREE RAM DYES & CHEMICALS,
EMDILITH DM 58 (50 KGS. PACKING),SCREEN MAKING ACCESSORIES,8428,KG,-,null,,true,Sreeram,0,SREE RAM DYES & CHEMICALS,
TAKTER 600 ML,SCREEN MAKING ACCESSORIES,8429,PCS,-,null,,true,Sreeram,0,SREE RAM DYES & CHEMICALS,
RADIUM NORMAL GREEN POWDER (W/B),PRINTING ADD ON,8430,KG,-,null,,true,Sreeram,0,SREE RAM DYES & CHEMICALS,
RADIUM LONG GLOW GREEN POWDER (W/B),PRINTING ADD ON,8431,KG,-,null,,true,Sreeram,0,SREE RAM DYES & CHEMICALS,
RADIUM LONG GLOW GREEN POWDER (O/B),PRINTING ADD ON,8432,KG,-,null,,true,Sreeram,0,SREE RAM DYES & CHEMICALS,
RADIUM ORANGE POWDER (W/B),PRINTING ADD ON,8433,KG,-,null,,true,Sreeram,0,SREE RAM DYES & CHEMICALS,
READYMIX NORMAL GREEN (W/B),PRINTING ADD ON,8434,KG,-,null,,true,Sreeram,0,SREE RAM DYES & CHEMICALS,
READYMIX LONG GLOW GREEN (W/B),PRINTING ADD ON,8435,KG,-,null,,true,Sreeram,0,SREE RAM DYES & CHEMICALS,
READYMIX LONG GLOW GREEN (O/B),PRINTING ADD ON,8436,KG,-,null,,true,Sreeram,0,SREE RAM DYES & CHEMICALS,
READYMIX ORANGE (W/B),PRINTING ADD ON,8437,KG,-,null,,true,Sreeram,0,SREE RAM DYES & CHEMICALS,
READYMIX YELLOW (W/B),PRINTING ADD ON,8438,KG,-,null,,true,Sreeram,0,SREE RAM DYES & CHEMICALS,
READYMIX WHITE (W/B),PRINTING ADD ON,8439,KG,-,null,,true,Sreeram,0,SREE RAM DYES & CHEMICALS,
READYMIX RED (W/B),PRINTING ADD ON,8440,KG,-,null,,true,Sreeram,0,SREE RAM DYES & CHEMICALS,
READYMIX ROSERED (W/B),PRINTING ADD ON,8441,KG,-,null,,true,Sreeram,0,SREE RAM DYES & CHEMICALS,
READYMIX SKY BLUE (W/B),PRINTING ADD ON,8442,KG,-,null,,true,Sreeram,0,SREE RAM DYES & CHEMICALS,
READYMIX GREENISH BLUE (W/B),PRINTING ADD ON,8443,KG,-,null,,true,Sreeram,0,SREE RAM DYES & CHEMICALS,
READYMIX BLUE (O/B),PRINTING ADD ON,8444,KG,-,null,,true,Sreeram,0,SREE RAM DYES & CHEMICALS,
SILVER SPOON NO. 1,PRINTING ADD ON,8445,PCS,-,null,,true,Sreeram,0,SREE RAM DYES & CHEMICALS,
SILVER SPOON NO. 2,PRINTING ADD ON,8446,PCS,-,null,,true,Sreeram,0,SREE RAM DYES & CHEMICALS,
SILVER SPOON NO. 3,PRINTING ADD ON,8447,PCS,-,null,,true,Sreeram,0,SREE RAM DYES & CHEMICALS,
SILVER SPOON NO. 4,PRINTING ADD ON,8448,PCS,-,null,,true,Sreeram,0,SREE RAM DYES & CHEMICALS,
SILVER SPOON NO. 5,PRINTING ADD ON,8449,PCS,-,null,,true,Sreeram,0,SREE RAM DYES & CHEMICALS,
SILVER SPOON NO. 6,PRINTING ADD ON,8450,PCS,-,null,,true,Sreeram,0,SREE RAM DYES & CHEMICALS,
SILVER SPOON – 18”,PRINTING ADD ON,8451,PCS,-,null,,true,Sreeram,0,SREE RAM DYES & CHEMICALS,
SILVER SPOON – 21”,PRINTING ADD ON,8452,PCS,-,null,,true,Sreeram,0,SREE RAM DYES & CHEMICALS,
TEXCRON BLACK NGB,W/B,8475,KG,PIDILITE,null,,true,Sreeram,0,SREE RAM DYES & CHEMICALS,
TEXCRON BLACK NFD TE,W/B,8476,KG,PIDILITE,null,,true,Sreeram,0,SREE RAM DYES & CHEMICALS,
TEXCRON BLUE B S/C,W/B,8477,KG,PIDILITE,null,,true,Sreeram,0,SREE RAM DYES & CHEMICALS,
TEXCRON BLUE BN S/C,W/B,8478,KG,PIDILITE,null,,true,Sreeram,0,SREE RAM DYES & CHEMICALS,
TEXCRON BRILL PINK CP S/C,W/B,8479,KG,PIDILITE,null,,true,Sreeram,0,SREE RAM DYES & CHEMICALS,
TEXCRON BRILL RED PEGB S/C,W/B,8480,KG,PIDILITE,null,,true,Sreeram,0,SREE RAM DYES & CHEMICALS,
TEXCRON BRILL RED PEGR S/C,W/B,8481,KG,PIDILITE,null,,true,Sreeram,0,SREE RAM DYES & CHEMICALS,
TEXCRON BROWN GR,W/B,8482,KG,PIDILITE,null,,true,Sreeram,0,SREE RAM DYES & CHEMICALS,
TEXCRON GOLDEN YELLOW KRM,W/B,8483,KG,PIDILITE,null,,true,Sreeram,0,SREE RAM DYES & CHEMICALS,
TEXCRON GREEN G S/C,W/B,8484,KG,PIDILITE,null,,true,Sreeram,0,SREE RAM DYES & CHEMICALS,
TEXCRON NAVY BLUE BRJ S/C,W/B,8485,KG,PIDILITE,null,,true,Sreeram,0,SREE RAM DYES & CHEMICALS,
TEXCRON ORANGE PERG,W/B,8486,KG,PIDILITE,null,,true,Sreeram,0,SREE RAM DYES & CHEMICALS,
TEXCRON RED VIOLET RK,W/B,8487,KG,PIDILITE,null,,true,Sreeram,0,SREE RAM DYES & CHEMICALS,
TEXCRON RED RP XF,W/B,8488,KG,PIDILITE,null,,true,Sreeram,0,SREE RAM DYES & CHEMICALS,
TEXCRON RUBINE PE-BC,W/B,8489,KG,PIDILITE,null,,true,Sreeram,0,SREE RAM DYES & CHEMICALS,
TEXCRON TURQUISE BLUE BCD S/C,W/B,8490,KG,PIDILITE,null,,true,Sreeram,0,SREE RAM DYES & CHEMICALS,
TEXCRON VIOLET MB,W/B,8491,KG,PIDILITE,null,,true,Sreeram,0,SREE RAM DYES & CHEMICALS,
TEXCRON YELLOW SGP,W/B,8492,KG,PIDILITE,null,,true,Sreeram,0,SREE RAM DYES & CHEMICALS,
TEXCRON ORANGE PFG,W/B,8493,KG,PIDILITE,null,,true,Sreeram,0,SREE RAM DYES & CHEMICALS,
TEXCRON YELLOW GRKW S/C,W/B,8494,KG,PIDILITE,null,,true,Sreeram,0,SREE RAM DYES & CHEMICALS,
TEXCRON YELLOW RAL XF,W/B,8495,KG,PIDILITE,null,,true,Sreeram,0,SREE RAM DYES & CHEMICALS,
TEXCRON BRILL RED HB 200,W/B,8496,KG,PIDILITE,null,,true,Sreeram,0,SREE RAM DYES & CHEMICALS,
PHOTOCHROMIC,SPECIAL INKS,8497,KG,-,null,,true,Sreeram,0,SREE RAM DYES & CHEMICALS,
THERMOCHROMIC,SPECIAL INKS,8498,KG,-,null,,true,Sreeram,0,SREE RAM DYES & CHEMICALS,
FRAGRANCE,SPECIAL INKS,8499,KG,-,null,,true,Sreeram,0,SREE RAM DYES & CHEMICALS,
LIGHT YELLOW,TPL,TPL-101,KG,MICRO-INKS,null,,true,Sreeram,0,SUN SHINE INKS AND COATINGS,
MID YELLOW,TPL,TPL-102,KG,MICRO-INKS,null,,true,Sreeram,0,SUN SHINE INKS AND COATINGS,
MATCH VIOLET,TPL,TPL-141,KG,MICRO-INKS,null,,true,Sreeram,0,SUN SHINE INKS AND COATINGS,
MATCH TINTING WHITE,TPL,TPL-171,KG,MICRO-INKS,null,,true,Sreeram,0,SUN SHINE INKS AND COATINGS,
METALIC CLEAR BASE,TPL,TPL-195,KG,MICRO-INKS,null,,true,Sreeram,0,SUN SHINE INKS AND COATINGS,
PRINTABLE ADHESIVE,TPL,TPL-196,KG,MICRO-INKS,null,,true,Sreeram,0,SUN SHINE INKS AND COATINGS,
LIGHT BROWN,TPL,TPL-2005,KG,MICRO-INKS,null,,true,Sreeram,0,SUN SHINE INKS AND COATINGS,
CHOCKLET BROWN,TPL,TPL-2006,KG,MICRO-INKS,null,,true,Sreeram,0,SUN SHINE INKS AND COATINGS,
BRIGHT YELLOW,TPL,TPL-201,KG,MICRO-INKS,null,,true,Sreeram,0,SUN SHINE INKS AND COATINGS,
SCARLET RED,TPL,TPL-2011,KG,MICRO-INKS,null,,true,Sreeram,0,SUN SHINE INKS AND COATINGS,
CARDINAL RED,TPL,TPL-2113,KG,MICRO-INKS,null,,true,Sreeram,0,SUN SHINE INKS AND COATINGS,
LITHO WHITE,TPL,TPL-1009,KG,MICRO-INKS,null,,true,Sreeram,0,SUN SHINE INKS AND COATINGS,
KELLY GREEN,TPL,TPL-2114,KG,MICRO-INKS,null,,true,Sreeram,0,SUN SHINE INKS AND COATINGS,
BRANDYWINE,TPL,TPL-2115,KG,MICRO-INKS,null,,true,Sreeram,0,SUN SHINE INKS AND COATINGS,
NATIONAL RED,TPL,TPL-2116,KG,MICRO-INKS,null,,true,Sreeram,0,SUN SHINE INKS AND COATINGS,
BRIGHT ORANGE,TPL,TPL-2121,KG,MICRO-INKS,null,,true,Sreeram,0,SUN SHINE INKS AND COATINGS,
DARK NAVY BLUE,TPL,TPL-2123,KG,MICRO-INKS,null,,true,Sreeram,0,SUN SHINE INKS AND COATINGS,
DALLAS GREEN,TPL,TPL-2124,KG,MICRO-INKS,null,,true,Sreeram,0,SUN SHINE INKS AND COATINGS,
SKY BLUE,TPL,TPL-251,KG,MICRO-INKS,null,,true,Sreeram,0,SUN SHINE INKS AND COATINGS,
ROYAL BLUE,TPL,TPL-252,KG,MICRO-INKS,null,,true,Sreeram,0,SUN SHINE INKS AND COATINGS,
NAVY BLUE,TPL,TPL-255,KG,MICRO-INKS,null,,true,Sreeram,0,SUN SHINE INKS AND COATINGS,
TURQUOISE BLUE,TPL,TPL-257,KG,MICRO-INKS,null,,true,Sreeram,0,SUN SHINE INKS AND COATINGS,
OPAQUE WHITE,TPL,TPL-271,KG,MICRO-INKS,null,,true,Sreeram,0,SUN SHINE INKS AND COATINGS,
BRILLIANT WHITE,TPL,TPL-272,KG,MICRO-INKS,null,,true,Sreeram,0,SUN SHINE INKS AND COATINGS,
LITHO BACKUP WHITE,TPL,TPL-276,KG,MICRO-INKS,null,,true,Sreeram,0,SUN SHINE INKS AND COATINGS,
DENSE BLACK,TPL,TPL-281,KG,MICRO-INKS,null,,true,Sreeram,0,SUN SHINE INKS AND COATINGS,
FLOUROSCENT LN. YELLOW,TPL,TPL-501,KG,MICRO-INKS,null,,true,Sreeram,0,SUN SHINE INKS AND COATINGS,
FLOUROSCENT GN YELLOW,TPL,TPL-502,KG,MICRO-INKS,null,,true,Sreeram,0,SUN SHINE INKS AND COATINGS,
FLOUROSCENT ORANGE,TPL,TPL-511,KG,MICRO-INKS,null,,true,Sreeram,0,SUN SHINE INKS AND COATINGS,
FLOUROSCENT RED,TPL,TPL-521,KG,MICRO-INKS,null,,true,Sreeram,0,SUN SHINE INKS AND COATINGS,
FLOUROSCENT MAJENTHA,TPL,TPL-531,KG,MICRO-INKS,null,,true,Sreeram,0,SUN SHINE INKS AND COATINGS,
FLOUROSCENT GREEN,TPL,TPL-561,KG,MICRO-INKS,null,,true,Sreeram,0,SUN SHINE INKS AND COATINGS,
FLOUROSCENT CURABLE REDUCER,TPL,TPL-901,KG,MICRO-INKS,null,,true,Sreeram,0,SUN SHINE INKS AND COATINGS,
TEXOPLAST TPL WHITE,TPL,TPL-1015,KG,MICRO-INKS,null,,true,Sreeram,0,SUN SHINE INKS AND COATINGS,
USA TRANSFER GEL,TPL,TPL1002,KG,MICRO-INKS,null,,true,Sreeram,0,SUN SHINE INKS AND COATINGS,