"name","code","unit","category","brand","vendor","image_url","quantity","is_active","created_by","created_at","updated_at"
"White (ECO) (Bright White)","2000","KG","PLASTISOL","COLOURPLUS","null","null","0","True","Sreeram","2026-03-08T14:57:16.281721","2026-03-08T14:57:16.282001"
"White (ECO LDW) (Natural White)","2001","KG","PLASTISOL","COLOURPLUS","null","null","0","True","Sreeram","2026-03-08T14:57:16.282233","2026-03-08T14:57:16.282238"
"White (LSW) (Bright White)","2002","KG","PLASTISOL","COLOURPLUS","null","null","0","True","Sreeram","2026-03-08T14:57:16.282320","2026-03-08T14:57:16.282323"
"White (LDW) (Natural White)","2003","KG","PLASTISOL","COLOURPLUS","null","null","0","True","Sreeram","2026-03-08T14:57:16.282381","2026-03-08T14:57:16.282384"
"Litho Backup White","2004","KG","PLASTISOL","COLOURPLUS","null","null","0","True","Sreeram","2026-03-08T14:57:16.282517","2026-03-08T14:57:16.282523"
"Black","2005","KG","PLASTISOL","COLOURPLUS","null","null","0","True","Sreeram","2026-03-08T14:57:16.282628","2026-03-08T14:57:16.282632"
"Colours","2006","KG","PLASTISOL","COLOURPLUS","null","null","0","True","Sreeram","2026-03-08T14:57:16.282704","2026-03-08T14:57:16.282707"
"New High Density","2007","KG","PLASTISOL","COLOURPLUS","null","null","0","True","Sreeram","2026-03-08T14:57:16.282773","2026-03-08T14:57:16.282777"
"High Density Black","2008","KG","PLASTISOL","COLOURPLUS","null","null","0","True","Sreeram","2026-03-08T14:57:16.282826","2026-03-08T14:57:16.282828"
"High Density White","2009","KG","PLASTISOL","COLOURPLUS","null","null","0","True","Sreeram","2026-03-08T14:57:16.282886","2026-03-08T14:57:16.282888"
"New Foam","2010","KG","PLASTISOL","COLOURPLUS","null","null","0","True","Sreeram","2026-03-08T14:57:16.282927","2026-03-08T14:57:16.282929"
"Violet","2011","KG","PLASTISOL","COLOURPLUS","null","null","0","True","Sreeram","2026-03-08T14:57:16.282969","2026-03-08T14:57:16.282972"
"DK. Pink","2012","KG","PLASTISOL","COLOURPLUS","null","null","0","True","Sreeram","2026-03-08T14:57:16.283025","2026-03-08T14:57:16.283027"
"T.Gel","2013","KG","PLASTISOL","COLOURPLUS","null","null","0","True","Sreeram","2026-03-08T14:57:16.283066","2026-03-08T14:57:16.283068"
"NR Glitter gel","2014","KG","PLASTISOL","COLOURPLUS","null","null","0","True","Sreeram","2026-03-08T14:57:16.283121","2026-03-08T14:57:16.283124"
"Soft Base","2015","KG","PLASTISOL","COLOURPLUS","null","null","0","True","Sreeram","2026-03-08T14:57:16.283182","2026-03-08T14:57:16.283184"
"Flock Gum","2016","KG","PLASTISOL","COLOURPLUS","null","null","0","True","Sreeram","2026-03-08T14:57:16.283241","2026-03-08T14:57:16.283244"
"Fl. All Colours","2017","KG","PLASTISOL","COLOURPLUS","null","null","0","True","Sreeram","2026-03-08T14:57:16.283281","2026-03-08T14:57:16.283283"
"Mixing Reducer","2018","KG","PLASTISOL","COLOURPLUS","null","null","0","True","Sreeram","2026-03-08T14:57:16.283318","2026-03-08T14:57:16.283320"
"Thickener Powder","2019","KG","PRINTING ADD ON","-","null","null","0","True","Sreeram","2026-03-08T14:57:16.283355","2026-03-08T14:57:16.283357"
"1412 SHINING GEL","2020","KG","TPL","-","null","null","0","True","Sreeram","2026-03-08T14:57:16.283394","2026-03-08T14:57:16.283397"
" WHITE","2021","KG","TPL","GRAFCO","null","null","0","True","Sreeram","2026-03-08T14:57:16.283436","2026-03-08T14:57:16.283438"
" PT WHITE","2022","KG","TPL","GRAFCO","null","null","0","True","Sreeram","2026-03-08T14:57:16.283473","2026-03-08T14:57:16.283475"
" LDW WHITE (NATURAL WHITE)","2023","KG","TPL","GRAFCO","null","null","0","True","Sreeram","2026-03-08T14:57:16.283509","2026-03-08T14:57:16.283511"
" 271 OPAQUE WHITE","2024","KG","TPL","GRAFCO","null","null","0","True","Sreeram","2026-03-08T14:57:16.283544","2026-03-08T14:57:16.283546"
"BLACK","2025","KG","TPL","GRAFCO","null","null","0","True","Sreeram","2026-03-08T14:57:16.283579","2026-03-08T14:57:16.283581"
"PT BLACK","2026","KG","TPL","GRAFCO","null","null","0","True","Sreeram","2026-03-08T14:57:16.283618","2026-03-08T14:57:16.283620"
"PT LITHO BACK UP WHITE","2027","KG","TPL","GRAFCO","null","null","0","True","Sreeram","2026-03-08T14:57:16.283655","2026-03-08T14:57:16.283657"
"ORANGE","2028","KG","TPL","GRAFCO","null","null","0","True","Sreeram","2026-03-08T14:57:16.283691","2026-03-08T14:57:16.283693"
"KELLY GREEN","2029","KG","TPL","GRAFCO","null","null","0","True","Sreeram","2026-03-08T14:57:16.283725","2026-03-08T14:57:16.283727"
"CARDINAL RED","2030","KG","TPL","GRAFCO","null","null","0","True","Sreeram","2026-03-08T14:57:16.283760","2026-03-08T14:57:16.283762"
"GOLDEN YELLOW","2031","KG","TPL","GRAFCO","null","null","0","True","Sreeram","2026-03-08T14:57:16.283794","2026-03-08T14:57:16.283796"
"LEMON YELLOW","2032","KG","TPL","GRAFCO","null","null","0","True","Sreeram","2026-03-08T14:57:16.283828","2026-03-08T14:57:16.283830"
"ROYAL BLUE","2033","KG","TPL","GRAFCO","null","null","0","True","Sreeram","2026-03-08T14:57:16.283862","2026-03-08T14:57:16.283864"
"NAVY BLUE","2034","KG","TPL","GRAFCO","null","null","0","True","Sreeram","2026-03-08T14:57:16.283896","2026-03-08T14:57:16.283898"
"TURQUISE BLUE","2035","KG","TPL","GRAFCO","null","null","0","True","Sreeram","2026-03-08T14:57:16.283930","2026-03-08T14:57:16.283932"
"VIOLET","2036","KG","TPL","GRAFCO","null","null","0","True","Sreeram","2026-03-08T14:57:16.283977","2026-03-08T14:57:16.283980"
"TRANSFER GEL","2037","KG","TPL","GRAFCO","null","null","0","True","Sreeram","2026-03-08T14:57:16.284015","2026-03-08T14:57:16.284017"
"LAKE RED","2038","KG","TPL","GRAFCO","null","null","0","True","Sreeram","2026-03-08T14:57:16.284050","2026-03-08T14:57:16.284052"
"BLOOD RED","2039","KG","TPL","GRAFCO","null","null","0","True","Sreeram","2026-03-08T14:57:16.284085","2026-03-08T14:57:16.284087"
"DK.PINK","2040","KG","TPL","GRAFCO","null","null","0","True","Sreeram","2026-03-08T14:57:16.284119","2026-03-08T14:57:16.284121"
"SKY BLUE","2041","KG","TPL","GRAFCO","null","null","0","True","Sreeram","2026-03-08T14:57:16.284166","2026-03-08T14:57:16.284168"
"MIXING AID","2042","KG","TPL","GRAFCO","null","null","0","True","Sreeram","2026-03-08T14:57:16.284209","2026-03-08T14:57:16.284212"
"PROCESS COLOURS (CYAN, MAJENTHA, YELLOW, BLACK)","2043","KG","TPL","GRAFCO","null","null","0","True","Sreeram","2026-03-08T14:57:16.284253","2026-03-08T14:57:16.284255"
"TPL MATTING AGENT","2044","KG","PRINTING ADD ON","GRAFCO","null","null","0","True","Sreeram","2026-03-08T14:57:16.284290","2026-03-08T14:57:16.284292"
"ZERO TPL HD","2045","KG","TPL","GRAFCO","null","null","0","True","Sreeram","2026-03-08T14:57:16.284327","2026-03-08T14:57:16.284329"
"ZERO TPL FOAM","2046","KG","TPL","GRAFCO","null","null","0","True","Sreeram","2026-03-08T14:57:16.284363","2026-03-08T14:57:16.284365"
"ZERO TPL HD WHITE","2047","KG","TPL","GRAFCO","null","null","0","True","Sreeram","2026-03-08T14:57:16.284400","2026-03-08T14:57:16.284402"
"ZERO TPL HD BLACK","2048","KG","TPL","GRAFCO","null","null","0","True","Sreeram","2026-03-08T14:57:16.284436","2026-03-08T14:57:16.284438"
"4802 IMP. BEADS GEL","2049","KG","TPL","GRAFCO","null","null","0","True","Sreeram","2026-03-08T14:57:16.284471","2026-03-08T14:57:16.284473"
"4801 TPL SHINING GEL","2050","KG","TPL","GRAFCO","null","null","0","True","Sreeram","2026-03-08T14:57:16.284506","2026-03-08T14:57:16.284508"
"4808 HD FOIL GEL","2051","KG","TPL","GRAFCO","null","null","0","True","Sreeram","2026-03-08T14:57:16.284541","2026-03-08T14:57:16.284543"
"TPL GRAFCO 916 ACTIVE TRANSFER GEL","2052","KG","TPL","GRAFCO","null","null","0","True","Sreeram","2026-03-08T14:57:16.284577","2026-03-08T14:57:16.284579"
"CSC POLYGRAY O/B","2053","KG","TPL","GRAFCO","null","null","0","True","Sreeram","2026-03-08T14:57:16.284619","2026-03-08T14:57:16.284620"
"TPL BRIGHT GOLD SIMMER","2054","KG","TPL","GRAFCO","null","null","0","True","Sreeram","2026-03-08T14:57:16.284653","2026-03-08T14:57:16.284655"
"TPL BRIGHT SILVER SIMMER","2055","KG","TPL","GRAFCO","null","null","0","True","Sreeram","2026-03-08T14:57:16.284689","2026-03-08T14:57:16.284692"
"TPL BRIGHT SILVER SIMMER (TRANSFER)","2056","KG","TPL","GRAFCO","null","null","0","True","Sreeram","2026-03-08T14:57:16.284726","2026-03-08T14:57:16.284728"
"CRYSTAL GEL ","2057","KG","TPL","GRAFCO","null","null","0","True","Sreeram","2026-03-08T14:57:16.284765","2026-03-08T14:57:16.284767"
"GRAFCO PRINT REMOVER","2058","KG","TPL","GRAFCO","null","null","0","True","Sreeram","2026-03-08T14:57:16.284804","2026-03-08T14:57:16.284806"
"LIQUID THICKNER ","2059","KG","TPL","GRAFCO","null","null","0","True","Sreeram","2026-03-08T14:57:16.284841","2026-03-08T14:57:16.284843"
"STONE HD O/B","2060","KG","TPL","GRAFCO","null","null","0","True","Sreeram","2026-03-08T14:57:16.284877","2026-03-08T14:57:16.284879"
"T.HIDENSITY","2061","KG","TPL","GRAFCO","null","null","0","True","Sreeram","2026-03-08T14:57:16.284913","2026-03-08T14:57:16.284915"
"T.HIDENSITY WHITE","2062","KG","TPL","GRAFCO","null","null","0","True","Sreeram","2026-03-08T14:57:16.284948","2026-03-08T14:57:16.284950"
"D.HIDENSITY","2063","KG","TPL","GRAFCO","null","null","0","True","Sreeram","2026-03-08T14:57:16.284985","2026-03-08T14:57:16.284987"
"USA CLEAR GEL","2064","KG","TPL","GRAFCO","null","null","0","True","Sreeram","2026-03-08T14:57:16.285020","2026-03-08T14:57:16.285022"
"L.HIDENSITY","2065","KG","TPL","GRAFCO","null","null","0","True","Sreeram","2026-03-08T14:57:16.285056","2026-03-08T14:57:16.285058"
"916 FOIL GEL","2066","KG","TPL","GRAFCO","null","null","0","True","Sreeram","2026-03-08T14:57:16.285089","2026-03-08T14:57:16.285091"
"PT TRANSFER GEL","2067","KG","TPL","GRAFCO","null","null","0","True","Sreeram","2026-03-08T14:57:16.285125","2026-03-08T14:57:16.285127"
"TPL OM HIGH DENSITY","2068","KG","TPL","GRAFCO","null","null","0","True","Sreeram","2026-03-08T14:57:16.285158","2026-03-08T14:57:16.285160"
"TPL OM HIGH DENSITY WHITE","2069","KG","TPL","GRAFCO","null","null","0","True","Sreeram","2026-03-08T14:57:16.285190","2026-03-08T14:57:16.285192"
"TPL OM HIGH DENSITY BLACK","2070","KG","TPL","GRAFCO","null","null","0","True","Sreeram","2026-03-08T14:57:16.285224","2026-03-08T14:57:16.285225"
"Water-based softening agent","8100","KG","W/B","B2","null","null","0","True","Sreeram","2026-03-08T14:57:16.285258","2026-03-08T14:57:16.285260"
"High density white rubber paste (Table)","BT-8010","KG","W/B","B2","null","null","0","True","Sreeram","2026-03-08T14:57:16.285292","2026-03-08T14:57:16.285294"
"High density clear rubber paste (Table)","BT-8010Y","KG","W/B","B2","null","null","0","True","Sreeram","2026-03-08T14:57:16.285327","2026-03-08T14:57:16.285329"
"Machine high density white rubber paste","BT-8012","KG","W/B","B2","null","null","0","True","Sreeram","2026-03-08T14:57:16.285361","2026-03-08T14:57:16.285363"
"Machine high density clear rubber paste","BT-8012Y","KG","W/B","B2","null","null","0","True","Sreeram","2026-03-08T14:57:16.285393","2026-03-08T14:57:16.285395"
"Stone white rubber paste","BT-8013","KG","W/B","B2","null","null","0","True","Sreeram","2026-03-08T14:57:16.285427","2026-03-08T14:57:16.285428"
"Stone clear rubber paste","BT-8013Y","KG","W/B","B2","null","null","0","True","Sreeram","2026-03-08T14:57:16.285461","2026-03-08T14:57:16.285463"
"Glitter paste","BT-8020A","KG","W/B","B2","null","null","0","True","Sreeram","2026-03-08T14:57:16.285495","2026-03-08T14:57:16.285497"
"Anti-foil paste","BT-8030","KG","W/B","B2","null","null","0","True","Sreeram","2026-03-08T14:57:16.285528","2026-03-08T14:57:16.285530"
"Anti-migration white rubber paste","FS","KG","W/B","B2","null","null","0","True","Sreeram","2026-03-08T14:57:16.285562","2026-03-08T14:57:16.285564"
"Cold foil paste","H-95","KG","W/B","B2","null","null","0","True","Sreeram","2026-03-08T14:57:16.285595","2026-03-08T14:57:16.285597"
"Clear rubber paste","HL-371","KG","W/B","B2","null","null","0","True","Sreeram","2026-03-08T14:57:16.285629","2026-03-08T14:57:16.285631"
"High elasticity white rubber paste","HL-8065A","KG","W/B","B2","null","null","0","True","Sreeram","2026-03-08T14:57:16.285663","2026-03-08T14:57:16.285665"
"High elasticity clear rubber paste","HL-8065YA","KG","W/B","B2","null","null","0","True","Sreeram","2026-03-08T14:57:16.285696","2026-03-08T14:57:16.285698"
"High grade machine white rubber paste","HL-885    ","KG","W/B","B2","null","null","0","True","Sreeram","2026-03-08T14:57:16.285728","2026-03-08T14:57:16.285730"
"High grade machine clear rubber paste","HL-885Y","KG","W/B","B2","null","null","0","True","Sreeram","2026-03-08T14:57:16.285761","2026-03-08T14:57:16.285763"
"Normal grade machine clear rubber paste","HL-886Y","KG","W/B","B2","null","null","0","True","Sreeram","2026-03-08T14:57:16.285794","2026-03-08T14:57:16.285796"
"Elastic ribbon white rubber paste","HN-3","KG","W/B","B2","null","null","0","True","Sreeram","2026-03-08T14:57:16.285827","2026-03-08T14:57:16.285829"
"Fixer","KD","KG","W/B","B2","null","null","0","True","Sreeram","2026-03-08T14:57:16.285860","2026-03-08T14:57:16.285862"
"Glossy denim (JEANS) white rubber paste","KD-1","KG","W/B","B2","null","null","0","True","Sreeram","2026-03-08T14:57:16.285892","2026-03-08T14:57:16.285893"
"Matt denim (JEANS) white rubber paste","KD-2","KG","W/B","B2","null","null","0","True","Sreeram","2026-03-08T14:57:16.285923","2026-03-08T14:57:16.285925"
"Matt denim (JEANS) clear rubber paste","KD-2Y","KG","W/B","B2","null","null","0","True","Sreeram","2026-03-08T14:57:16.285955","2026-03-08T14:57:16.285957"
"Glossy denim (JEANS) clear rubber paste","KD-3","KG","W/B","B2","null","null","0","True","Sreeram","2026-03-08T14:57:16.285990","2026-03-08T14:57:16.285992"
"Water-proof nylon white rubber paste with KD Fixer 2%","PH-107A","KG","W/B","B2","null","null","0","True","Sreeram","2026-03-08T14:57:16.286022","2026-03-08T14:57:16.286024"
"Water-proof nylon clear rubber paste with KD Fixer 2%","PH-107YA","KG","W/B","B2","null","null","0","True","Sreeram","2026-03-08T14:57:16.286054","2026-03-08T14:57:16.286056"
"Nylon Rubber White Paste","PH-107B ","KG","W/B","B2","null","null","0","True","Sreeram","2026-03-08T14:57:16.286085","2026-03-08T14:57:16.286087"
"White Rubber paste for silicon coating mercerized cotton 5 KG","PH-108A","KG","W/B","B2","null","null","0","True","Sreeram","2026-03-08T14:57:16.286117","2026-03-08T14:57:16.286119"
"B2 Hot Foil Paste","H-97","KG","W/B","B2","null","null","0","True","Sreeram","2026-03-08T14:57:16.286156","2026-03-08T14:57:16.286158"
"B2 Transfer Flock Gel","2071","KG","W/B","B2","null","null","0","True","Sreeram","2026-03-08T14:57:16.286201","2026-03-08T14:57:16.286203"
"Sublimation Binder","2072","KG","W/B","B2","null","null","0","True","Sreeram","2026-03-08T14:57:16.286238","2026-03-08T14:57:16.286240"
"Glossy white rubber paste","HL-8066","KG","W/B","B2","null","null","0","True","Sreeram","2026-03-08T14:57:16.286273","2026-03-08T14:57:16.286275"
"Glossy clear rubber paste","HL-8066Y","KG","W/B","B2","null","null","0","True","Sreeram","2026-03-08T14:57:16.286308","2026-03-08T14:57:16.286310"
"Denim imitated discharge white paste","PH-404","KG","W/B","B2","null","null","0","True","Sreeram","2026-03-08T14:57:16.286344","2026-03-08T14:57:16.286346"
"Denim imitated discharge clear paste","PH-405","KG","W/B","B2","null","null","0","True","Sreeram","2026-03-08T14:57:16.286377","2026-03-08T14:57:16.286379"
"LM Clear","2073","KG","W/B","B2","null","null","0","True","Sreeram","2026-03-08T14:57:16.286412","2026-03-08T14:57:16.286414"
"Water-based hot melt glue","PH-001","KG","W/B","B2","null","null","0","True","Sreeram","2026-03-08T14:57:16.286447","2026-03-08T14:57:16.286449"
"DIGITAL WHITE W/B","HL 660","KG","W/B","B2","null","null","0","True","Sreeram","2026-03-08T14:57:16.286481","2026-03-08T14:57:16.286483"
"PU MATT COATING","2074","KG","W/B","B2","null","null","0","True","Sreeram","2026-03-08T14:57:16.286517","2026-03-08T14:57:16.286519"
"STONE PUFF","2075","KG","W/B","B2","null","null","0","True","Sreeram","2026-03-08T14:57:16.286552","2026-03-08T14:57:16.286554"
"GLITTER GEL","SP234","KG","W/B","ANTEX","null","null","0","True","Sreeram","2026-03-08T14:57:16.286586","2026-03-08T14:57:16.286588"
"FOIL ADHESIVE","SP236","KG","W/B","ANTEX","null","null","0","True","Sreeram","2026-03-08T14:57:16.286619","2026-03-08T14:57:16.286621"
"REGULATOR","SP209","KG","W/B","ANTEX","null","null","0","True","Sreeram","2026-03-08T14:57:16.286654","2026-03-08T14:57:16.286656"
"FLUORESCENT GREEN","2076","KG","W/B","ANTEX","null","null","0","True","Sreeram","2026-03-08T14:57:16.286689","2026-03-08T14:57:16.286691"
"FLUORESENT YELLOW","2077","KG","W/B","ANTEX","null","null","0","True","Sreeram","2026-03-08T14:57:16.286724","2026-03-08T14:57:16.286726"
"PUFF BASE OB (TPL FOAM)","NF80","KG","W/B","ANTEX","null","null","0","True","Sreeram","2026-03-08T14:57:16.286757","2026-03-08T14:57:16.286759"
"FIXER","2078","KG","W/B","ANTEX","null","null","0","True","Sreeram","2026-03-08T14:57:16.286791","2026-03-08T14:57:16.286793"
"WHITE","XP50","KG","W/B","ANTEX","null","null","0","True","Sreeram","2026-03-08T14:57:16.286825","2026-03-08T14:57:16.286827"
"HD WHITE","2079","KG","W/B","ANTEX","null","null","0","True","Sreeram","2026-03-08T14:57:16.286859","2026-03-08T14:57:16.286861"
"HD CLEAR","2080","KG","W/B","ANTEX","null","null","0","True","Sreeram","2026-03-08T14:57:16.286892","2026-03-08T14:57:16.286894"
"BN BINDER","2081","KG","W/B","PIDILITE","null","null","0","True","Sreeram","2026-03-08T14:57:16.286929","2026-03-08T14:57:16.286931"
"PROTON 5000","2082","KG","W/B","PROTON","null","null","0","True","Sreeram","2026-03-08T14:57:16.286963","2026-03-08T14:57:16.286965"
"PRINTOFIX BINDER T20-20FL","2083","KG","W/B","CLARIANT","null","null","0","True","Sreeram","2026-03-08T14:57:16.286995","2026-03-08T14:57:16.286997"
"434 GLITTER BINDER","2084","KG","W/B","-","null","null","0","True","Sreeram","2026-03-08T14:57:16.287030","2026-03-08T14:57:16.287032"
"TABLE THICKNER","2085","KG","W/B","PIDILITE","null","null","0","True","Sreeram","2026-03-08T14:57:16.287064","2026-03-08T14:57:16.287066"
"FIXCER","2086","KG","W/B","PIDILITE","null","null","0","True","Sreeram","2026-03-08T14:57:16.287097","2026-03-08T14:57:16.287099"
"CLARIANT SOFTNER","2087","KG","W/B","CLARIANT","null","null","0","True","Sreeram","2026-03-08T14:57:16.287129","2026-03-08T14:57:16.287131"
"LIQUID AMMONIA (450 ML)","2088","KG","W/B","-","null","null","0","True","Sreeram","2026-03-08T14:57:16.287162","2026-03-08T14:57:16.287163"
"EMULSPARY (SOAP OIL)","2089","KG","W/B","-","null","null","0","True","Sreeram","2026-03-08T14:57:16.287194","2026-03-08T14:57:16.287196"
"GOLD BINDER GBX","2090","KG","W/B","-","null","null","0","True","Sreeram","2026-03-08T14:57:16.287228","2026-03-08T14:57:16.287230"
"K FLOCK BINDER","2091","KG","W/B","KARAN","null","null","0","True","Sreeram","2026-03-08T14:57:16.287302","2026-03-08T14:57:16.287307"
"IMP. WATER PASTE","2092","KG","W/B","-","null","null","0","True","Sreeram","2026-03-08T14:57:16.287722","2026-03-08T14:57:16.287872"
"WATER PASTE","2093","KG","W/B","-","null","null","0","True","Sreeram","2026-03-08T14:57:16.288313","2026-03-08T14:57:16.288320"
"OIL PASTE","2094","KG","W/B","-","null","null","0","True","Sreeram","2026-03-08T14:57:16.288432","2026-03-08T14:57:16.288436"
"GOLD BRONZE POWDER, A1","2095","KG","W/B","-","null","null","0","True","Sreeram","2026-03-08T14:57:16.288512","2026-03-08T14:57:16.288516"
"GOLD BRONZE POWDER, A2","2096","KG","W/B","-","null","null","0","True","Sreeram","2026-03-08T14:57:16.288582","2026-03-08T14:57:16.288585"
"GOLD BRONZE POWDER, A3","2097","KG","W/B","-","null","null","0","True","Sreeram","2026-03-08T14:57:16.288642","2026-03-08T14:57:16.288646"
"GOLD BRONZE POWDER, C3","2098","KG","W/B","-","null","null","0","True","Sreeram","2026-03-08T14:57:16.288708","2026-03-08T14:57:16.288711"
"GOLD BRONZE POWDER FX 300","2099","KG","W/B","-","null","null","0","True","Sreeram","2026-03-08T14:57:16.288771","2026-03-08T14:57:16.288774"
"COPPER POWDER, O2","2100","KG","W/B","-","null","null","0","True","Sreeram","2026-03-08T14:57:16.288836","2026-03-08T14:57:16.288839"
"RED BROWN","2101","KG","W/B","-","null","null","0","True","Sreeram","2026-03-08T14:57:16.289027","2026-03-08T14:57:16.289036"
"UREA","2102","KG","W/B","-","null","null","0","True","Sreeram","2026-03-08T14:57:16.289253","2026-03-08T14:57:16.289260"
"SBS FLOCK GEL","2103","KG","W/B","DUCOL","null","null","0","True","Sreeram","2026-03-08T14:57:16.289890","2026-03-08T14:57:16.289898"
"ALUMINIUM POWDER (NO. 5, 6 & 7)","2104","KG","W/B","-","null","null","0","True","Sreeram","2026-03-08T14:57:16.290023","2026-03-08T14:57:16.290028"
"DRG GOLD SIMMER","2105","KG","W/B","-","null","null","0","True","Sreeram","2026-03-08T14:57:16.290112","2026-03-08T14:57:16.290116"
"B2 GLITTER BINDER","2106","KG","W/B","-","null","null","0","True","Sreeram","2026-03-08T14:57:16.290187","2026-03-08T14:57:16.290191"
"PIDICRYL BINDER FJN","2107","KG","W/B","-","null","null","0","True","Sreeram","2026-03-08T14:57:16.290326","2026-03-08T14:57:16.290334"
"METALLIC BINDER","2108","KG","W/B","-","null","null","0","True","Sreeram","2026-03-08T14:57:16.290463","2026-03-08T14:57:16.290467"
"FIXER N","2109","KG","W/B","-","null","null","0","True","Sreeram","2026-03-08T14:57:16.290544","2026-03-08T14:57:16.290547"
"SHARPNER","2110","KG","W/B","PIDILITE","null","null","0","True","Sreeram","2026-03-08T14:57:16.290603","2026-03-08T14:57:16.290606"
"GLITTERS","2111","KG","PRINTING ADD ON","-","null","null","0","True","Sreeram","2026-03-08T14:57:16.290655","2026-03-08T14:57:16.290657"
"GLITTERS FIRE SERIES","2112","KG","PRINTING ADD ON","-","null","null","0","True","Sreeram","2026-03-08T14:57:16.290704","2026-03-08T14:57:16.290707"
"GLITTERS FLUORESCENT","2113","KG","PRINTING ADD ON","-","null","null","0","True","Sreeram","2026-03-08T14:57:16.290752","2026-03-08T14:57:16.290755"
"GLITTERS ECO FRIENDLY","2114","KG","PRINTING ADD ON","-","null","null","0","True","Sreeram","2026-03-08T14:57:16.290809","2026-03-08T14:57:16.290812"
"DIRECT WHITE (NATURAL WHITE)","2115","KG","NON PVC O/B","GRAFCO","null","null","0","True","Sreeram","2026-03-08T14:57:16.290857","2026-03-08T14:57:16.290859"
"TRANSFER WHITE","2116","KG","NON PVC O/B","GRAFCO","null","null","0","True","Sreeram","2026-03-08T14:57:16.290905","2026-03-08T14:57:16.290908"
"BRIGHT WHITE","2117","KG","NON PVC O/B","GRAFCO","null","null","0","True","Sreeram","2026-03-08T14:57:16.290952","2026-03-08T14:57:16.290955"
"LITHO BACK UP WHITE","2118","KG","NON PVC O/B","GRAFCO","null","null","0","True","Sreeram","2026-03-08T14:57:16.291003","2026-03-08T14:57:16.291005"
"ORANGE","2119","KG","NON PVC O/B","GRAFCO","null","null","0","True","Sreeram","2026-03-08T14:57:16.291159","2026-03-08T14:57:16.291165"
"KELLY GREEN","2120","KG","NON PVC O/B","GRAFCO","null","null","0","True","Sreeram","2026-03-08T14:57:16.291245","2026-03-08T14:57:16.291249"
"BLOOD RED","2121","KG","NON PVC O/B","GRAFCO","null","null","0","True","Sreeram","2026-03-08T14:57:16.291326","2026-03-08T14:57:16.291330"
"LAKE RED","2122","KG","NON PVC O/B","GRAFCO","null","null","0","True","Sreeram","2026-03-08T14:57:16.291393","2026-03-08T14:57:16.291396"
"GOLDEN YELLOW","2123","KG","NON PVC O/B","GRAFCO","null","null","0","True","Sreeram","2026-03-08T14:57:16.291460","2026-03-08T14:57:16.291463"
"LEMON YELLOW","2124","KG","NON PVC O/B","GRAFCO","null","null","0","True","Sreeram","2026-03-08T14:57:16.291532","2026-03-08T14:57:16.291535"
"ROYAL BLUE","2125","KG","NON PVC O/B","GRAFCO","null","null","0","True","Sreeram","2026-03-08T14:57:16.292550","2026-03-08T14:57:16.292560"
"NAVY BLUE","2126","KG","NON PVC O/B","GRAFCO","null","null","0","True","Sreeram","2026-03-08T14:57:16.294373","2026-03-08T14:57:16.294383"
"BLACK","2127","KG","NON PVC O/B","GRAFCO","null","null","0","True","Sreeram","2026-03-08T14:57:16.294526","2026-03-08T14:57:16.294531"
"VIOLET","2128","KG","NON PVC O/B","GRAFCO","null","null","0","True","Sreeram","2026-03-08T14:57:16.294626","2026-03-08T14:57:16.294631"
"T. BLUE","2129","KG","NON PVC O/B","GRAFCO","null","null","0","True","Sreeram","2026-03-08T14:57:16.294706","2026-03-08T14:57:16.294710"
"DIRECT GEL","2130","KG","NON PVC O/B","GRAFCO","null","null","0","True","Sreeram","2026-03-08T14:57:16.294777","2026-03-08T14:57:16.294781"
"TRANSFER GEL","2131","KG","NON PVC O/B","GRAFCO","null","null","0","True","Sreeram","2026-03-08T14:57:16.294845","2026-03-08T14:57:16.294849"
"MIXING REDUCER","2132","KG","NON PVC O/B","GRAFCO","null","null","0","True","Sreeram","2026-03-08T14:57:16.294915","2026-03-08T14:57:16.294918"
"CLEANING REDUCER","2133","KG","NON PVC O/B","GRAFCO","null","null","0","True","Sreeram","2026-03-08T14:57:16.294982","2026-03-08T14:57:16.294985"
"FOAM","2134","KG","NON PVC O/B","GRAFCO","null","null","0","True","Sreeram","2026-03-08T14:57:16.295076","2026-03-08T14:57:16.295079"
"T.HIGH DENSITY BASE","2135","KG","NON PVC O/B","GRAFCO","null","null","0","True","Sreeram","2026-03-08T14:57:16.295145","2026-03-08T14:57:16.295148"
"IT HIGH DENSITY BASE","2136","KG","NON PVC O/B","GRAFCO","null","null","0","True","Sreeram","2026-03-08T14:57:16.295210","2026-03-08T14:57:16.295213"
"POLYGREY","2137","KG","NON PVC O/B","GRAFCO","null","null","0","True","Sreeram","2026-03-08T14:57:16.295296","2026-03-08T14:57:16.295300"
"WHITE AND BLACK HIGH DENSITY","2138","KG","NON PVC O/B","GRAFCO","null","null","0","True","Sreeram","2026-03-08T14:57:16.295366","2026-03-08T14:57:16.295370"
"FLUORESCENT ALL COLOURS","2139","KG","NON PVC O/B","GRAFCO","null","null","0","True","Sreeram","2026-03-08T14:57:16.295432","2026-03-08T14:57:16.295436"
"HI GEL","2140","KG","NON PVC O/B","GRAFCO","null","null","0","True","Sreeram","2026-03-08T14:57:16.295500","2026-03-08T14:57:16.295503"
"CRYSTAL GEL","2141","KG","NON PVC O/B","GRAFCO","null","null","0","True","Sreeram","2026-03-08T14:57:16.295580","2026-03-08T14:57:16.295584"
"NEW JELLY","2142","KG","NON PVC O/B","GRAFCO","null","null","0","True","Sreeram","2026-03-08T14:57:16.295649","2026-03-08T14:57:16.295652"
"FL. PINK","2143","KG","W/B","-","null","null","0","True","Sreeram","2026-03-08T14:57:16.295719","2026-03-08T14:57:16.295723"
"FL. ORANGE","2144","KG","W/B","-","null","null","0","True","Sreeram","2026-03-08T14:57:16.295796","2026-03-08T14:57:16.295799"
"FL. MAJENTHA","2145","KG","W/B","-","null","null","0","True","Sreeram","2026-03-08T14:57:16.295863","2026-03-08T14:57:16.295866"
"FL. GREEN","2146","KG","W/B","-","null","null","0","True","Sreeram","2026-03-08T14:57:16.295907","2026-03-08T14:57:16.295909"
"FL. YELLOW","2147","KG","W/B","-","null","null","0","True","Sreeram","2026-03-08T14:57:16.295946","2026-03-08T14:57:16.295948"
"FL. VIOLET","2148","KG","W/B","-","null","null","0","True","Sreeram","2026-03-08T14:57:16.295983","2026-03-08T14:57:16.295985"
"FL. ROYAL BLUE","2149","KG","W/B","-","null","null","0","True","Sreeram","2026-03-08T14:57:16.296019","2026-03-08T14:57:16.296021"
"FL. PEACOCK BLUE","2150","KG","W/B","-","null","null","0","True","Sreeram","2026-03-08T14:57:16.296055","2026-03-08T14:57:16.296057"
"FL. RED","2151","KG","W/B","-","null","null","0","True","Sreeram","2026-03-08T14:57:16.296090","2026-03-08T14:57:16.296092"
"FOIL PAPER","2152","MTR","PRINTING ADD ON","CROWN","null","null","0","True","Sreeram","2026-03-08T14:57:16.296124","2026-03-08T14:57:16.296126"
"FOIL PAPER","2153","MTR","PRINTING ADD ON","ARROW MARK","null","null","0","True","Sreeram","2026-03-08T14:57:16.296160","2026-03-08T14:57:16.296162"
"FOIL PAPER","2154","MTR","PRINTING ADD ON","BUDS","null","null","0","True","Sreeram","2026-03-08T14:57:16.296196","2026-03-08T14:57:16.296198"
"FOIL PAPER","2155","MTR","PRINTING ADD ON","CHINA FOIL","null","null","0","True","Sreeram","2026-03-08T14:57:16.296229","2026-03-08T14:57:16.296231"
"TRANSFER PAPER 100 GSM","2156","KG","STICKER","-","null","null","0","True","Sreeram","2026-03-08T14:57:16.296262","2026-03-08T14:57:16.296264"
"TRANSFER PAPER 90 GSM","2157","KG","STICKER","-","null","null","0","True","Sreeram","2026-03-08T14:57:16.296296","2026-03-08T14:57:16.296298"
"TRANSFER PAPER 80 GSM","2158","KG","STICKER","-","null","null","0","True","Sreeram","2026-03-08T14:57:16.296345","2026-03-08T14:57:16.296348"
"TRANSFER PAPER 70 GSM","2159","KG","STICKER","-","null","null","0","True","Sreeram","2026-03-08T14:57:16.296401","2026-03-08T14:57:16.296404"
"REFLECTIVE SHEET","2160","MTR","STICKER","-","null","null","0","True","Sreeram","2026-03-08T14:57:16.296457","2026-03-08T14:57:16.296460"
"OFFSET PAPER","2161","MTR","STICKER","-","null","null","0","True","Sreeram","2026-03-08T14:57:16.296510","2026-03-08T14:57:16.296513"
"HEAT TRANSFER FILM","2162","MTR","STICKER","-","null","null","0","True","Sreeram","2026-03-08T14:57:16.296570","2026-03-08T14:57:16.296573"
"DTF FILM ROLL","2163","MTR","STICKER","-","null","null","0","True","Sreeram","2026-03-08T14:57:16.296625","2026-03-08T14:57:16.296629"
"VINYL","2164","MTR","STICKER","-","null","null","0","True","Sreeram","2026-03-08T14:57:16.296680","2026-03-08T14:57:16.296682"
"REFLECTIVE CLEAR SHEET","2165","MTR","STICKER","-","null","null","0","True","Sreeram","2026-03-08T14:57:16.296717","2026-03-08T14:57:16.296719"
"GLOVES SPL (GREEN)","2166","PCS","PRINTING ADD ON","-","null","null","0","True","Sreeram","2026-03-08T14:57:16.296766","2026-03-08T14:57:16.296769"
"CURING GLOVES","2167","PCS","PRINTING ADD ON","-","null","null","0","True","Sreeram","2026-03-08T14:57:16.296823","2026-03-08T14:57:16.296826"
"GLOVES (YELLOW 18"")","2168","PCS","PRINTING ADD ON","-","null","null","0","True","Sreeram","2026-03-08T14:57:16.296884","2026-03-08T14:57:16.296887"
"GLOVES GREEN BIG","2169","PCS","PRINTING ADD ON","-","null","null","0","True","Sreeram","2026-03-08T14:57:16.296946","2026-03-08T14:57:16.296949"
"GLOVES (YELLOW 22"")","2170","PCS","PRINTING ADD ON","-","null","null","0","True","Sreeram","2026-03-08T14:57:16.297005","2026-03-08T14:57:16.297008"
"WHITE GLOVES","2171","PCS","PRINTING ADD ON","-","null","null","0","True","Sreeram","2026-03-08T14:57:16.297064","2026-03-08T14:57:16.297067"
"PLASTISOL WHITE","HS 7667","KG","PLASTISOL","MICRO-INKS","null","null","0","True","Sreeram","2026-03-08T14:57:16.297123","2026-03-08T14:57:16.297126"
"PLASTISOL BRIGHT WHITE","HS 7668","KG","PLASTISOL","MICRO-INKS","null","null","0","True","Sreeram","2026-03-08T14:57:16.297166","2026-03-08T14:57:16.297168"
"PLASTISOL BLACK","HS 7603","KG","PLASTISOL","MICRO-INKS","null","null","0","True","Sreeram","2026-03-08T14:57:16.297213","2026-03-08T14:57:16.297216"
"PLASTISOL BRIGHT YELLOW","HS 7604","KG","PLASTISOL","MICRO-INKS","null","null","0","True","Sreeram","2026-03-08T14:57:16.297257","2026-03-08T14:57:16.297259"
"PLASTISOL LEMON YELLOW","HS 7605","KG","PLASTISOL","MICRO-INKS","null","null","0","True","Sreeram","2026-03-08T14:57:16.297292","2026-03-08T14:57:16.297294"
"PLASTISOL GOLDEN YELLOW","HS 7606","KG","PLASTISOL","MICRO-INKS","null","null","0","True","Sreeram","2026-03-08T14:57:16.297325","2026-03-08T14:57:16.297327"
"PLASTISOL BRIGHT RED","HS 7610","KG","PLASTISOL","MICRO-INKS","null","null","0","True","Sreeram","2026-03-08T14:57:16.297358","2026-03-08T14:57:16.297360"
"PLASTISOL DOLPHIN ORANGE","HS 7611","KG","PLASTISOL","MICRO-INKS","null","null","0","True","Sreeram","2026-03-08T14:57:16.297391","2026-03-08T14:57:16.297393"
"PLASTISOL BRIGHT ORANGE","HS 7612","KG","PLASTISOL","MICRO-INKS","null","null","0","True","Sreeram","2026-03-08T14:57:16.297424","2026-03-08T14:57:16.297426"
"PLASTISOL SCARLET RED","HS 7616","KG","PLASTISOL","MICRO-INKS","null","null","0","True","Sreeram","2026-03-08T14:57:16.297456","2026-03-08T14:57:16.297458"
"PLASTISOL NATIONAL RED","HS 7617","KG","PLASTISOL","MICRO-INKS","null","null","0","True","Sreeram","2026-03-08T14:57:16.297489","2026-03-08T14:57:16.297491"
"PLASTISOL CARDINAL RED","HS 7618","KG","PLASTISOL","MICRO-INKS","null","null","0","True","Sreeram","2026-03-08T14:57:16.297521","2026-03-08T14:57:16.297523"
"PLASTISOL MAROON","HS 7619","KG","PLASTISOL","MICRO-INKS","null","null","0","True","Sreeram","2026-03-08T14:57:16.297571","2026-03-08T14:57:16.297573"
"PLASTISOL RHODAMINE RED","HS 7620","KG","PLASTISOL","MICRO-INKS","null","null","0","True","Sreeram","2026-03-08T14:57:16.297611","2026-03-08T14:57:16.297613"
"PLASTISOL PINK","HS 7621","KG","PLASTISOL","MICRO-INKS","null","null","0","True","Sreeram","2026-03-08T14:57:16.297647","2026-03-08T14:57:16.297649"
"PLASTISOL TRUE BLUE","HS 7622","KG","PLASTISOL","MICRO-INKS","null","null","0","True","Sreeram","2026-03-08T14:57:16.297684","2026-03-08T14:57:16.297686"
"PLASTISOL BRIGHT ROYL BLUE","HS 7623","KG","PLASTISOL","MICRO-INKS","null","null","0","True","Sreeram","2026-03-08T14:57:16.297719","2026-03-08T14:57:16.297721"
"PLASTISOL CONTACT BLUE","HS 7624","KG","PLASTISOL","MICRO-INKS","null","null","0","True","Sreeram","2026-03-08T14:57:16.297753","2026-03-08T14:57:16.297755"
"PLASTISOL TURQUOISE BLUE","HS 7625","KG","PLASTISOL","MICRO-INKS","null","null","0","True","Sreeram","2026-03-08T14:57:16.297787","2026-03-08T14:57:16.297788"
"PLASTISOL ROYAL BLUE","HS 7626","KG","PLASTISOL","MICRO-INKS","null","null","0","True","Sreeram","2026-03-08T14:57:16.297819","2026-03-08T14:57:16.297820"
"PLASTISOL DECON BLUE","HS 7627","KG","PLASTISOL","MICRO-INKS","null","null","0","True","Sreeram","2026-03-08T14:57:16.297850","2026-03-08T14:57:16.297852"
"PLASTISOL NAVY BLUE","HS 7628","KG","PLASTISOL","MICRO-INKS","null","null","0","True","Sreeram","2026-03-08T14:57:16.297882","2026-03-08T14:57:16.297884"
"PLASTISOL DARK NAVY BLUE","HS 7629","KG","PLASTISOL","MICRO-INKS","null","null","0","True","Sreeram","2026-03-08T14:57:16.297918","2026-03-08T14:57:16.297920"
"PLASTISOL VIOLET","HS 7630","KG","PLASTISOL","MICRO-INKS","null","null","0","True","Sreeram","2026-03-08T14:57:16.297951","2026-03-08T14:57:16.297953"
"PLASTISOL DALLAS GREEN","HS 7634","KG","PLASTISOL","MICRO-INKS","null","null","0","True","Sreeram","2026-03-08T14:57:16.297986","2026-03-08T14:57:16.297988"
"PLASTISOL KELLY GREEN","HS 7635","KG","PLASTISOL","MICRO-INKS","null","null","0","True","Sreeram","2026-03-08T14:57:16.298019","2026-03-08T14:57:16.298021"
"PLASTISOL LIGHT BROWN","HS 7636","KG","PLASTISOL","MICRO-INKS","null","null","0","True","Sreeram","2026-03-08T14:57:16.298053","2026-03-08T14:57:16.298055"
"PLASTISOL CHOCKLET BROWN","HS 7637","KG","PLASTISOL","MICRO-INKS","null","null","0","True","Sreeram","2026-03-08T14:57:16.298088","2026-03-08T14:57:16.298089"
"PLASTISOL BUFF","HS 7638","KG","PLASTISOL","MICRO-INKS","null","null","0","True","Sreeram","2026-03-08T14:57:16.298124","2026-03-08T14:57:16.298126"
"PLASTISOL FLESH","HS 7639","KG","PLASTISOL","MICRO-INKS","null","null","0","True","Sreeram","2026-03-08T14:57:16.298159","2026-03-08T14:57:16.298161"
"PLASTISOL KHAKI","HS 7640","KG","PLASTISOL","MICRO-INKS","null","null","0","True","Sreeram","2026-03-08T14:57:16.298192","2026-03-08T14:57:16.298194"
"PLASTISOL BRANDYWINE","HS 7641","KG","PLASTISOL","MICRO-INKS","null","null","0","True","Sreeram","2026-03-08T14:57:16.298226","2026-03-08T14:57:16.298228"
"PLASTISOL PURPLE","HS 7642","KG","PLASTISOL","MICRO-INKS","null","null","0","True","Sreeram","2026-03-08T14:57:16.298260","2026-03-08T14:57:16.298261"
"PLASTISOL PISTA GREEN","HS 7643","KG","PLASTISOL","MICRO-INKS","null","null","0","True","Sreeram","2026-03-08T14:57:16.298291","2026-03-08T14:57:16.298293"
"PLASTISOL AQUA","HS 7644","KG","PLASTISOL","MICRO-INKS","null","null","0","True","Sreeram","2026-03-08T14:57:16.298323","2026-03-08T14:57:16.298325"
"PLASTISOL SILVER GREY","HS 7645","KG","PLASTISOL","MICRO-INKS","null","null","0","True","Sreeram","2026-03-08T14:57:16.298356","2026-03-08T14:57:16.298358"
"PLASTISOL STEEL GREY","HS 7646","KG","PLASTISOL","MICRO-INKS","null","null","0","True","Sreeram","2026-03-08T14:57:16.298393","2026-03-08T14:57:16.298395"
"PLASTISOL SPL BASE","HS 7648","KG","PLASTISOL","MICRO-INKS","null","null","0","True","Sreeram","2026-03-08T14:57:16.298427","2026-03-08T14:57:16.298429"
"PLASTISOL BASE","HS 7650","KG","PLASTISOL","MICRO-INKS","null","null","0","True","Sreeram","2026-03-08T14:57:16.298460","2026-03-08T14:57:16.298462"
"PLASTISOL CURABLE THICKNER","HS 7655","KG","PLASTISOL","MICRO-INKS","null","null","0","True","Sreeram","2026-03-08T14:57:16.298494","2026-03-08T14:57:16.298496"
"PLASTISOL HIGH DENSITY OPAQUE","HS 7670","KG","PLASTISOL","MICRO-INKS","null","null","0","True","Sreeram","2026-03-08T14:57:16.298537","2026-03-08T14:57:16.298540"
"LIGHT YELLOW","TPL-101","KG","TPL","MICRO-INKS","null","null","0","True","Sreeram","2026-03-08T14:57:16.298687","2026-03-08T14:57:16.298692"
"MID YELLOW","TPL-102","KG","TPL","MICRO-INKS","null","null","0","True","Sreeram","2026-03-08T14:57:16.298786","2026-03-08T14:57:16.298790"
"MATCH VIOLET","TPL-141","KG","TPL","MICRO-INKS","null","null","0","True","Sreeram","2026-03-08T14:57:16.298856","2026-03-08T14:57:16.298859"
"MATCH TINTING WHITE","TPL-171","KG","TPL","MICRO-INKS","null","null","0","True","Sreeram","2026-03-08T14:57:16.298916","2026-03-08T14:57:16.298919"
"METALIC CLEAR BASE","TPL-195","KG","TPL","MICRO-INKS","null","null","0","True","Sreeram","2026-03-08T14:57:16.298974","2026-03-08T14:57:16.298978"
"PRINTABLE ADHESIVE","TPL-196","KG","TPL","MICRO-INKS","null","null","0","True","Sreeram","2026-03-08T14:57:16.299042","2026-03-08T14:57:16.299045"
"LIGHT BROWN","TPL-2005","KG","TPL","MICRO-INKS","null","null","0","True","Sreeram","2026-03-08T14:57:16.299110","2026-03-08T14:57:16.299113"
"CHOCKLET BROWN","TPL-2006","KG","TPL","MICRO-INKS","null","null","0","True","Sreeram","2026-03-08T14:57:16.299171","2026-03-08T14:57:16.299174"
"BRIGHT YELLOW","TPL-201","KG","TPL","MICRO-INKS","null","null","0","True","Sreeram","2026-03-08T14:57:16.299236","2026-03-08T14:57:16.299239"
"SCARLET RED","TPL-2011","KG","TPL","MICRO-INKS","null","null","0","True","Sreeram","2026-03-08T14:57:16.299301","2026-03-08T14:57:16.299305"
"CARDINAL RED","TPL-2113","KG","TPL","MICRO-INKS","null","null","0","True","Sreeram","2026-03-08T14:57:16.299373","2026-03-08T14:57:16.299377"
"LITHO WHITE","TPL-1009","KG","TPL","MICRO-INKS","null","null","0","True","Sreeram","2026-03-08T14:57:16.299444","2026-03-08T14:57:16.299448"
"KELLY GREEN","TPL-2114","KG","TPL","MICRO-INKS","null","null","0","True","Sreeram","2026-03-08T14:57:16.299511","2026-03-08T14:57:16.299514"
"BRANDYWINE","TPL-2115","KG","TPL","MICRO-INKS","null","null","0","True","Sreeram","2026-03-08T14:57:16.299577","2026-03-08T14:57:16.299580"
"NATIONAL RED","TPL-2116","KG","TPL","MICRO-INKS","null","null","0","True","Sreeram","2026-03-08T14:57:16.299642","2026-03-08T14:57:16.299646"
"BRIGHT ORANGE","TPL-2121","KG","TPL","MICRO-INKS","null","null","0","True","Sreeram","2026-03-08T14:57:16.299712","2026-03-08T14:57:16.299715"
"DARK NAVY BLUE","TPL-2123","KG","TPL","MICRO-INKS","null","null","0","True","Sreeram","2026-03-08T14:57:16.299773","2026-03-08T14:57:16.299775"
"DALLAS GREEN","TPL-2124","KG","TPL","MICRO-INKS","null","null","0","True","Sreeram","2026-03-08T14:57:16.299835","2026-03-08T14:57:16.299838"
"SKY BLUE","TPL-251","KG","TPL","MICRO-INKS","null","null","0","True","Sreeram","2026-03-08T14:57:16.299893","2026-03-08T14:57:16.299896"
"ROYAL BLUE","TPL-252","KG","TPL","MICRO-INKS","null","null","0","True","Sreeram","2026-03-08T14:57:16.299955","2026-03-08T14:57:16.299959"
"NAVY BLUE","TPL-255","KG","TPL","MICRO-INKS","null","null","0","True","Sreeram","2026-03-08T14:57:16.300021","2026-03-08T14:57:16.300024"
"TURQUOISE BLUE","TPL-257","KG","TPL","MICRO-INKS","null","null","0","True","Sreeram","2026-03-08T14:57:16.300088","2026-03-08T14:57:16.300092"
"OPAQUE WHITE","TPL-271","KG","TPL","MICRO-INKS","null","null","0","True","Sreeram","2026-03-08T14:57:16.300153","2026-03-08T14:57:16.300157"
"BRILLIANT WHITE","TPL-272","KG","TPL","MICRO-INKS","null","null","0","True","Sreeram","2026-03-08T14:57:16.300218","2026-03-08T14:57:16.300222"
"LITHO BACKUP WHITE","TPL-276","KG","TPL","MICRO-INKS","null","null","0","True","Sreeram","2026-03-08T14:57:16.300304","2026-03-08T14:57:16.300308"
"DENSE BLACK","TPL-281","KG","TPL","MICRO-INKS","null","null","0","True","Sreeram","2026-03-08T14:57:16.300380","2026-03-08T14:57:16.300384"
"FLOUROSCENT LN. YELLOW","TPL-501","KG","TPL","MICRO-INKS","null","null","0","True","Sreeram","2026-03-08T14:57:16.300448","2026-03-08T14:57:16.300451"
"FLOUROSCENT GN YELLOW","TPL-502","KG","TPL","MICRO-INKS","null","null","0","True","Sreeram","2026-03-08T14:57:16.300513","2026-03-08T14:57:16.300516"
"FLOUROSCENT ORANGE","TPL-511","KG","TPL","MICRO-INKS","null","null","0","True","Sreeram","2026-03-08T14:57:16.300576","2026-03-08T14:57:16.300580"
"FLOUROSCENT RED","TPL-521","KG","TPL","MICRO-INKS","null","null","0","True","Sreeram","2026-03-08T14:57:16.300639","2026-03-08T14:57:16.300642"
"FLOUROSCENT MAJENTHA","TPL-531","KG","TPL","MICRO-INKS","null","null","0","True","Sreeram","2026-03-08T14:57:16.300696","2026-03-08T14:57:16.300699"
"FLOUROSCENT GREEN","TPL-561","KG","TPL","MICRO-INKS","null","null","0","True","Sreeram","2026-03-08T14:57:16.300764","2026-03-08T14:57:16.300768"
"FLOUROSCENT CURABLE REDUCER","TPL-901","KG","TPL","MICRO-INKS","null","null","0","True","Sreeram","2026-03-08T14:57:16.300827","2026-03-08T14:57:16.300830"
"TEXOPLAST TPL WHITE","TPL-1015","KG","TPL","MICRO-INKS","null","null","0","True","Sreeram","2026-03-08T14:57:16.300892","2026-03-08T14:57:16.300895"
"USA TRANSFER GEL","TPL1002","KG","TPL","MICRO-INKS","null","null","0","True","Sreeram","2026-03-08T14:57:16.300960","2026-03-08T14:57:16.300964"
"DECAN BLUE","TPL-2125","KG","TPL","MICRO-INKS","null","null","0","True","Sreeram","2026-03-08T14:57:16.301027","2026-03-08T14:57:16.301031"
"100 MICRON FILM","2172","SHEET","PRINTING ADD ON","-","null","null","0","True","Sreeram","2026-03-08T14:57:16.301095","2026-03-08T14:57:16.301099"
"150 MICRON FILM","2173","SHEET","PRINTING ADD ON","-","null","null","0","True","Sreeram","2026-03-08T14:57:16.301158","2026-03-08T14:57:16.301161"
"200 MICRON FILM","2174","SHEET","PRINTING ADD ON","-","null","null","0","True","Sreeram","2026-03-08T14:57:16.301224","2026-03-08T14:57:16.301227"
"250 MICRON FILM","2175","SHEET","PRINTING ADD ON","-","null","null","0","True","Sreeram","2026-03-08T14:57:16.301285","2026-03-08T14:57:16.301288"
"300 MICRON FILM","2176","SHEET","PRINTING ADD ON","-","null","null","0","True","Sreeram","2026-03-08T14:57:16.301344","2026-03-08T14:57:16.301348"
"400 MICRON FILM ","2177","SHEET","PRINTING ADD ON","-","null","null","0","True","Sreeram","2026-03-08T14:57:16.301405","2026-03-08T14:57:16.301408"
"50 MICRON FILM","2178","SHEET","PRINTING ADD ON","-","null","null","0","True","Sreeram","2026-03-08T14:57:16.301463","2026-03-08T14:57:16.301467"
"YELLOW GGP","2179","KG","W/B","IMPERON","null","null","0","True","Sreeram","2026-03-08T14:57:16.301522","2026-03-08T14:57:16.301526"
"YELLOW RMP (Golden)","2180","KG","W/B","IMPERON","null","null","0","True","Sreeram","2026-03-08T14:57:16.301581","2026-03-08T14:57:16.301584"
"ORANGE KCG","2181","KG","W/B","IMPERON","null","null","0","True","Sreeram","2026-03-08T14:57:16.301636","2026-03-08T14:57:16.301638"
"RED KC BG (DARK RED)","2182","KG","W/B","IMPERON","null","null","0","True","Sreeram","2026-03-08T14:57:16.301699","2026-03-08T14:57:16.301703"
"RED GRE","2183","KG","W/B","IMPERON","null","null","0","True","Sreeram","2026-03-08T14:57:16.301766","2026-03-08T14:57:16.301769"
"VIOLET KCB","2184","KG","W/B","IMPERON","null","null","0","True","Sreeram","2026-03-08T14:57:16.301832","2026-03-08T14:57:16.301836"
"NAVY BLUE KCB","2185","KG","W/B","IMPERON","null","null","0","True","Sreeram","2026-03-08T14:57:16.301894","2026-03-08T14:57:16.301898"
"TURQUOISE BLUE KCBD","2186","KG","W/B","IMPERON","null","null","0","True","Sreeram","2026-03-08T14:57:16.301960","2026-03-08T14:57:16.301963"
"BLUE KB","2187","KG","W/B","IMPERON","null","null","0","True","Sreeram","2026-03-08T14:57:16.302025","2026-03-08T14:57:16.302029"
"GREEN KC G","2188","KG","W/B","IMPERON","null","null","0","True","Sreeram","2026-03-08T14:57:16.302089","2026-03-08T14:57:16.302093"
"BLACK KCG","2189","KG","W/B","IMPERON","null","null","0","True","Sreeram","2026-03-08T14:57:16.302149","2026-03-08T14:57:16.302153"
"BLACK KCNG","2190","KG","W/B","IMPERON","null","null","0","True","Sreeram","2026-03-08T14:57:16.302213","2026-03-08T14:57:16.302216"
"RED VIOLET","2191","KG","W/B","IMPERON","null","null","0","True","Sreeram","2026-03-08T14:57:16.302294","2026-03-08T14:57:16.302298"
"RUBINE RED","2192","KG","W/B","IMPERON","null","null","0","True","Sreeram","2026-03-08T14:57:16.302369","2026-03-08T14:57:16.302372"
"BLACK KC HFT","2193","KG","W/B","IMPERON","null","null","0","True","Sreeram","2026-03-08T14:57:16.302439","2026-03-08T14:57:16.302442"
"ORANGE KC RR","2194","KG","W/B","IMPERON","null","null","0","True","Sreeram","2026-03-08T14:57:16.302505","2026-03-08T14:57:16.302509"
"SILICON SUEDE WHITE A","2195","KG","SILICONE","-","null","null","0","True","Sreeram","2026-03-08T14:57:16.302792","2026-03-08T14:57:16.302798"
"SILICON SUEDE WHITE CATALYST B","2196","KG","SILICONE","-","null","null","0","True","Sreeram","2026-03-08T14:57:16.303032","2026-03-08T14:57:16.303040"
"SILICON TRANSCLEAR A ","2197","KG","SILICONE","-","null","null","0","True","Sreeram","2026-03-08T14:57:16.303226","2026-03-08T14:57:16.303231"
"SILICON TRANSCLEAR CATALYST B","2198","KG","SILICONE","-","null","null","0","True","Sreeram","2026-03-08T14:57:16.303321","2026-03-08T14:57:16.303324"
"SILICON SUEDE 600 A","2199","KG","SILICONE","-","null","null","0","True","Sreeram","2026-03-08T14:57:16.303392","2026-03-08T14:57:16.303395"
"SILICON SUEDE 600 CATALYST B","2200","KG","SILICONE","-","null","null","0","True","Sreeram","2026-03-08T14:57:16.303456","2026-03-08T14:57:16.303459"
"EMBOSSING SILICON (BILL 10% CATALYST)","2201","KG","SILICONE","-","null","null","0","True","Sreeram","2026-03-08T14:57:16.303500","2026-03-08T14:57:16.303502"
"SILICON 2% HD","2202","KG","SILICONE","-","null","null","0","True","Sreeram","2026-03-08T14:57:16.303539","2026-03-08T14:57:16.303541"
"SILICON 2% GLOSSY","2203","KG","SILICONE","-","null","null","0","True","Sreeram","2026-03-08T14:57:16.303576","2026-03-08T14:57:16.303578"
"(RG 2611) SILICON FOAM","2204","KG","SILICONE","-","null","null","0","True","Sreeram","2026-03-08T14:57:16.303613","2026-03-08T14:57:16.303615"
"SILICON 3% HD","2205","KG","SILICONE","-","null","null","0","True","Sreeram","2026-03-08T14:57:16.303649","2026-03-08T14:57:16.303652"
"DIPPING SILICON (SHINING)","2206","KG","SILICONE","-","null","null","0","True","Sreeram","2026-03-08T14:57:16.303769","2026-03-08T14:57:16.303772"
"SL-SP1807 MIRACLE SILAN","2207","KG","SILICONE","-","null","null","0","True","Sreeram","2026-03-08T14:57:16.303973","2026-03-08T14:57:16.303977"
"SILICON COLOUR PIGMENTS","2208","KG","SILICONE","-","null","null","0","True","Sreeram","2026-03-08T14:57:16.304022","2026-03-08T14:57:16.304024"
"SILICON (VIOLET) COLOURS","2209","KG","SILICONE","-","null","null","0","True","Sreeram","2026-03-08T14:57:16.304063","2026-03-08T14:57:16.304065"
"SI-601 MOULDING SILICON (10% CATALYST)","2210","KG","SILICONE","-","null","null","0","True","Sreeram","2026-03-08T14:57:16.304103","2026-03-08T14:57:16.304105"
"SILICON THICKENER","2211","KG","SILICONE","-","null","null","0","True","Sreeram","2026-03-08T14:57:16.304141","2026-03-08T14:57:16.304143"
"SILICON MT BASE (STICKER)","2212","KG","SILICONE","-","null","null","0","True","Sreeram","2026-03-08T14:57:16.304183","2026-03-08T14:57:16.304186"
"SILICON HOT MELT POWDER","2213","KG","SILICONE","-","null","null","0","True","Sreeram","2026-03-08T14:57:16.304241","2026-03-08T14:57:16.304244"
"HD POWDER (AD – Big) (AF – Small)","2214","KG","SILICONE","-","null","null","0","True","Sreeram","2026-03-08T14:57:16.304306","2026-03-08T14:57:16.304309"
"TRANSFER FILM (100 GSM)","2215","KG","SILICONE","-","null","null","0","True","Sreeram","2026-03-08T14:57:16.304378","2026-03-08T14:57:16.304381"
"TRANSFER FILM (100 GSM) (1188, 1183)","2216","KG","SILICONE","-","null","null","0","True","Sreeram","2026-03-08T14:57:16.304438","2026-03-08T14:57:16.304441"
"FIBER HIDING SILICON","2217","KG","SILICONE","-","null","null","0","True","Sreeram","2026-03-08T14:57:16.304502","2026-03-08T14:57:16.304506"
"HORSE RIDING SILICON","2218","KG","SILICONE","-","null","null","0","True","Sreeram","2026-03-08T14:57:16.304552","2026-03-08T14:57:16.304554"
"SILICON REDUCER/THINNER","2219","KG","SILICONE","-","null","null","0","True","Sreeram","2026-03-08T14:57:16.304607","2026-03-08T14:57:16.304610"
"CROSS LINKER SILICONE (BILL 10% OR 5% CATALYST @ 3500)","2220","KG","SILICONE","-","null","null","0","True","Sreeram","2026-03-08T14:57:16.304671","2026-03-08T14:57:16.304674"
"SILICON HOT MELT GLUE","2221","KG","SILICONE","-","null","null","0","True","Sreeram","2026-03-08T14:57:16.304742","2026-03-08T14:57:16.304745"
"MATT SILICON (2% CATALYST) (HALF MATT)","2222","KG","SILICONE","-","null","null","0","True","Sreeram","2026-03-08T14:57:16.304805","2026-03-08T14:57:16.304808"
"FULL MATT DIPPING SILICON","2223","KG","SILICONE","-","null","null","0","True","Sreeram","2026-03-08T14:57:16.304896","2026-03-08T14:57:16.304899"
"B2 2% HD SILICON","2224","KG","SILICONE","-","null","null","0","True","Sreeram","2026-03-08T14:57:16.304963","2026-03-08T14:57:16.304966"
"B2 GLOSSY SILICON","2225","KG","SILICONE","-","null","null","0","True","Sreeram","2026-03-08T14:57:16.305030","2026-03-08T14:57:16.305033"
"B2 CROSS LINKER SILICONE (BILL 10% CATALYST @ 3500)","2226","KG","SILICONE","-","null","null","0","True","Sreeram","2026-03-08T14:57:16.305100","2026-03-08T14:57:16.305103"
"B2 HOT MELT POWDER","2227","KG","SILICONE","-","null","null","0","True","Sreeram","2026-03-08T14:57:16.305251","2026-03-08T14:57:16.305259"
"SILICON HOT MELT GLUE REDUCER","2228","KG","SILICONE","-","null","null","0","True","Sreeram","2026-03-08T14:57:16.305374","2026-03-08T14:57:16.305377"
"WATERPROOF SILICON (BILL 10% CATALYST)","2229","KG","SILICONE","-","null","null","0","True","Sreeram","2026-03-08T14:57:16.305437","2026-03-08T14:57:16.305439"
"CONDUCTIVE SILICONE","2230","KG","SILICONE","-","null","null","0","True","Sreeram","2026-03-08T14:57:16.305488","2026-03-08T14:57:16.305491"
"ANTI-MIGRATION SILICONE","2231","KG","SILICONE","-","null","null","0","True","Sreeram","2026-03-08T14:57:16.305615","2026-03-08T14:57:16.305620"
"SILICONE WATER THINNER NEW","2232","KG","SILICONE","-","null","null","0","True","Sreeram","2026-03-08T14:57:16.305690","2026-03-08T14:57:16.305694"
"SILICONE ROUND CORNER","2233","KG","SILICONE","-","null","null","0","True","Sreeram","2026-03-08T14:57:16.305754","2026-03-08T14:57:16.305757"
"SILICON CATALYST","2234","KG","SILICONE","-","null","null","0","True","Sreeram","2026-03-08T14:57:16.305816","2026-03-08T14:57:16.305819"
"SLM MATT 3% CATALYST","2235","KG","SILICONE","-","null","null","0","True","Sreeram","2026-03-08T14:57:16.305894","2026-03-08T14:57:16.305896"
"SILICON DOTTING BASE (2% CATALYST)","2236","KG","SILICONE","-","null","null","0","True","Sreeram","2026-03-08T14:57:16.305950","2026-03-08T14:57:16.305952"
"SILICONE OVER SILICONE WHITE","2237","KG","SILICONE","-","null","null","0","True","Sreeram","2026-03-08T14:57:16.305998","2026-03-08T14:57:16.306000"
"SILICONE OVER SILICONE BLACK","2238","KG","SILICONE","-","null","null","0","True","Sreeram","2026-03-08T14:57:16.306042","2026-03-08T14:57:16.306045"
"JL SILICONE HOT MELT POWDER","2239","KG","SILICONE","-","null","null","0","True","Sreeram","2026-03-08T14:57:16.306092","2026-03-08T14:57:16.306095"
"EMBOSSING SILICON A","2240","KG","SILICONE","-","null","null","0","True","Sreeram","2026-03-08T14:57:16.306153","2026-03-08T14:57:16.306155"
"EMBOSSING SILICON B","2241","KG","SILICONE","-","null","null","0","True","Sreeram","2026-03-08T14:57:16.306193","2026-03-08T14:57:16.306195"
"A3 FILM","2242","NOS","SCREEN MAKING ACCESSORIES","TECHNOVA","null","null","0","True","Sreeram","2026-03-08T14:57:16.306246","2026-03-08T14:57:16.306249"
"A4 FILM","2243","NOS","SCREEN MAKING ACCESSORIES","TECHNOVA","null","null","0","True","Sreeram","2026-03-08T14:57:16.306302","2026-03-08T14:57:16.306305"
"BOOSTER","2244","LITRE","SCREEN MAKING ACCESSORIES","TECHNOVA","null","null","0","True","Sreeram","2026-03-08T14:57:16.306354","2026-03-08T14:57:16.306357"
"FIXER 9","2245","NOS","SCREEN MAKING ACCESSORIES","PHOTOKINA","null","null","0","True","Sreeram","2026-03-08T14:57:16.306395","2026-03-08T14:57:16.306397"
"HARDNER A+B","2246","SET","SCREEN MAKING ACCESSORIES","-","null","null","0","True","Sreeram","2026-03-08T14:57:16.306434","2026-03-08T14:57:16.306436"
"SPONGE (PER PIECE)","2247","PCS","SCREEN MAKING ACCESSORIES","-","null","null","0","True","Sreeram","2026-03-08T14:57:16.306471","2026-03-08T14:57:16.306473"
"DECOAT POWDER","2248","NOS","SCREEN MAKING ACCESSORIES","-","null","null","0","True","Sreeram","2026-03-08T14:57:16.306507","2026-03-08T14:57:16.306509"
"AMMONIUM BICROMATE","2249","KG","SCREEN MAKING ACCESSORIES","-","null","null","0","True","Sreeram","2026-03-08T14:57:16.306542","2026-03-08T14:57:16.306544"
"CLAMP (PER INCH)","2250","INCH","SCREEN MAKING ACCESSORIES","-","null","null","0","True","Sreeram","2026-03-08T14:57:16.306576","2026-03-08T14:57:16.306578"
"KRAFT (1 QUIRE)","2251","QUIRE","SCREEN MAKING ACCESSORIES","-","null","null","0","True","Sreeram","2026-03-08T14:57:16.306610","2026-03-08T14:57:16.306612"
"FLEX KIWIK","2252","PCS","SCREEN MAKING ACCESSORIES","-","null","null","0","True","Sreeram","2026-03-08T14:57:16.306644","2026-03-08T14:57:16.306646"
"POLYFIX","2253","KG","SCREEN MAKING ACCESSORIES","-","null","null","0","True","Sreeram","2026-03-08T14:57:16.306679","2026-03-08T14:57:16.306681"
"BELL PIN","2254","NOS","SCREEN MAKING ACCESSORIES","-","null","null","0","True","Sreeram","2026-03-08T14:57:16.306713","2026-03-08T14:57:16.306715"
"BLADE BOX BIG SIZE","2255","PCS","SCREEN MAKING ACCESSORIES","-","null","null","0","True","Sreeram","2026-03-08T14:57:16.306748","2026-03-08T14:57:16.306750"
"BLADE BOX SMALL SIZE","2256","PCS","SCREEN MAKING ACCESSORIES","-","null","null","0","True","Sreeram","2026-03-08T14:57:16.306782","2026-03-08T14:57:16.306784"
"CUTTER SMALL","2257","PCS","SCREEN MAKING ACCESSORIES","-","null","null","0","True","Sreeram","2026-03-08T14:57:16.306818","2026-03-08T14:57:16.306820"
"CUTTER BIG","2258","PCS","SCREEN MAKING ACCESSORIES","-","null","null","0","True","Sreeram","2026-03-08T14:57:16.306871","2026-03-08T14:57:16.306873"
"ELECTRIC MIXER","2259","NOS","SCREEN MAKING ACCESSORIES","-","null","null","0","True","Sreeram","2026-03-08T14:57:16.306908","2026-03-08T14:57:16.306910"
"HOT AIR GUN (DONG CHENG)","2260","PCS","SCREEN MAKING ACCESSORIES","-","null","null","0","True","Sreeram","2026-03-08T14:57:16.306943","2026-03-08T14:57:16.306945"
"MIXER ROD","2261","PCS","SCREEN MAKING ACCESSORIES","-","null","null","0","True","Sreeram","2026-03-08T14:57:16.306978","2026-03-08T14:57:16.306980"
"INDOCOL","2262","KG","SCREEN MAKING ACCESSORIES","-","null","null","0","True","Sreeram","2026-03-08T14:57:16.307012","2026-03-08T14:57:16.307014"
"REECOL","2263","KG","SCREEN MAKING ACCESSORIES","-","null","null","0","True","Sreeram","2026-03-08T14:57:16.307047","2026-03-08T14:57:16.307049"
"ALFA REDUCER","2264","LITRE","SCREEN MAKING ACCESSORIES","-","null","null","0","True","Sreeram","2026-03-08T14:57:16.307081","2026-03-08T14:57:16.307083"
"ALFA CHROMO WASH","2265","LITRE","SCREEN MAKING ACCESSORIES","-","null","null","0","True","Sreeram","2026-03-08T14:57:16.307114","2026-03-08T14:57:16.307116"
"NC THINNER (1 LIT.)","2266","LITRE","SCREEN MAKING ACCESSORIES","-","null","null","0","True","Sreeram","2026-03-08T14:57:16.307148","2026-03-08T14:57:16.307150"
"CS5 WR BLUE","2267","NOS","SCREEN MAKING ACCESSORIES","PHOTOKINA","null","null","0","True","Sreeram","2026-03-08T14:57:16.307184","2026-03-08T14:57:16.307186"
"CS5 WR RED","2268","NOS","SCREEN MAKING ACCESSORIES","PHOTOKINA","null","null","0","True","Sreeram","2026-03-08T14:57:16.307218","2026-03-08T14:57:16.307220"
"CS5 WR VIOLET","2269","NOS","SCREEN MAKING ACCESSORIES","PHOTOKINA","null","null","0","True","Sreeram","2026-03-08T14:57:16.307251","2026-03-08T14:57:16.307253"
"SENSITIZERS","2270","NOS","SCREEN MAKING ACCESSORIES","PHOTOKINA","null","null","0","True","Sreeram","2026-03-08T14:57:16.307283","2026-03-08T14:57:16.307285"
"CS5 WR/25 KG","2271","NOS","SCREEN MAKING ACCESSORIES","PHOTOKINA","null","null","0","True","Sreeram","2026-03-08T14:57:16.307316","2026-03-08T14:57:16.307318"
"IMAGE MATT","2272","NOS","SCREEN MAKING ACCESSORIES","PHOTOKINA","null","null","0","True","Sreeram","2026-03-08T14:57:16.307350","2026-03-08T14:57:16.307352"
"SHEBRO 234 COATING","2273","NOS","SCREEN MAKING ACCESSORIES","PHOTOKINA","null","null","0","True","Sreeram","2026-03-08T14:57:16.307383","2026-03-08T14:57:16.307385"
"TEXTILE DW","2274","NOS","SCREEN MAKING ACCESSORIES","PHOTOKINA","null","null","0","True","Sreeram","2026-03-08T14:57:16.307416","2026-03-08T14:57:16.307418"
"ULANO QTX","2275","NOS","SCREEN MAKING ACCESSORIES","-","null","null","0","True","Sreeram","2026-03-08T14:57:16.307450","2026-03-08T14:57:16.307452"
"PAPER GUM TAPE","2276","NOS","SCREEN MAKING ACCESSORIES","-","null","null","0","True","Sreeram","2026-03-08T14:57:16.307483","2026-03-08T14:57:16.307485"
"PHOTOSOL VIOLET","2277","NOS","SCREEN MAKING ACCESSORIES","PHOTOKINA","null","null","0","True","Sreeram","2026-03-08T14:57:16.307517","2026-03-08T14:57:16.307519"
"PHOTOTEX CTS","2278","NOS","SCREEN MAKING ACCESSORIES","PHOTOKINA","null","null","0","True","Sreeram","2026-03-08T14:57:16.307549","2026-03-08T14:57:16.307551"
"SHEBRO SPT HV","2279","NOS","SCREEN MAKING ACCESSORIES","PHOTOKINA","null","null","0","True","Sreeram","2026-03-08T14:57:16.307582","2026-03-08T14:57:16.307584"
"PVA POWDER","2280","KG","SCREEN MAKING ACCESSORIES","-","null","null","0","True","Sreeram","2026-03-08T14:57:16.307615","2026-03-08T14:57:16.307617"
"SCREEN OPENER","2281","NOS","SCREEN MAKING ACCESSORIES","-","null","null","0","True","Sreeram","2026-03-08T14:57:16.307648","2026-03-08T14:57:16.307650"
"SILICONE EXTRA","2282","PCS","SCREEN MAKING ACCESSORIES","-","null","null","0","True","Sreeram","2026-03-08T14:57:16.307681","2026-03-08T14:57:16.307683"
"TEEPAL (1 LIT.)","2283","LITRE","PRINTING ADD ON","-","null","null","0","True","Sreeram","2026-03-08T14:57:16.307714","2026-03-08T14:57:16.307716"
"TEEPAL (10 LIT.)","2284","LITRE","PRINTING ADD ON","-","null","null","0","True","Sreeram","2026-03-08T14:57:16.307749","2026-03-08T14:57:16.307751"
"ODAM (PER INCH)","2285","INCH","SCREEN MAKING ACCESSORIES","-","null","null","0","True","Sreeram","2026-03-08T14:57:16.307784","2026-03-08T14:57:16.307786"
"EMERY SHEET","2286","PCS","SCREEN MAKING ACCESSORIES","-","null","null","0","True","Sreeram","2026-03-08T14:57:16.307817","2026-03-08T14:57:16.307818"
"STAG BOND (1 LIT.)","2287","LITRE","SCREEN MAKING ACCESSORIES","-","null","null","0","True","Sreeram","2026-03-08T14:57:16.307851","2026-03-08T14:57:16.307853"
"STAG BOND (5 LIT.)","2288","LITRE","SCREEN MAKING ACCESSORIES","-","null","null","0","True","Sreeram","2026-03-08T14:57:16.307884","2026-03-08T14:57:16.307886"
"EZYCOAT 828 (10 LIT.)","2289","LITRE","SCREEN MAKING ACCESSORIES","-","null","null","0","True","Sreeram","2026-03-08T14:57:16.307917","2026-03-08T14:57:16.307919"
"EZYCOAT 828 (1 LIT.)","2290","LITRE","SCREEN MAKING ACCESSORIES","-","null","null","0","True","Sreeram","2026-03-08T14:57:16.307949","2026-03-08T14:57:16.307951"
"SQUEEZEE (PER INCH) (MACHINE)","2291","INCH","SCREEN MAKING ACCESSORIES","-","null","null","0","True","Sreeram","2026-03-08T14:57:16.307982","2026-03-08T14:57:16.307983"
"SQUEEZEE SCRAPPER (PER INCH) (MACHINE)","2292","INCH","SCREEN MAKING ACCESSORIES","-","null","null","0","True","Sreeram","2026-03-08T14:57:16.308014","2026-03-08T14:57:16.308016"
"SQUEEZEE (PER INCH) (TABLE SCRAPPER)","2293","INCH","SCREEN MAKING ACCESSORIES","-","null","null","0","True","Sreeram","2026-03-08T14:57:16.308046","2026-03-08T14:57:16.308047"
"SQUEEZEE (PER INCH) (V SHAPE)","2294","INCH","SCREEN MAKING ACCESSORIES","-","null","null","0","True","Sreeram","2026-03-08T14:57:16.308077","2026-03-08T14:57:16.308079"
"SQUEEZEE (PER INCH) 1 INCH","2295","INCH","SCREEN MAKING ACCESSORIES","-","null","null","0","True","Sreeram","2026-03-08T14:57:16.308110","2026-03-08T14:57:16.308112"
"SQUEEZEE RUBBER (PER INCH) U SHAPE","2296","INCH","SCREEN MAKING ACCESSORIES","-","null","null","0","True","Sreeram","2026-03-08T14:57:16.308143","2026-03-08T14:57:16.308145"
"SQUEEZEE (PER INCH) 10 MM","2297","INCH","SCREEN MAKING ACCESSORIES","-","null","null","0","True","Sreeram","2026-03-08T14:57:16.308176","2026-03-08T14:57:16.308178"
"SQUEEZEE (PER INCH) (WHITE V SHAPE SCRAPPER) W/B","2298","INCH","SCREEN MAKING ACCESSORIES","-","null","null","0","True","Sreeram","2026-03-08T14:57:16.308210","2026-03-08T14:57:16.308212"
"SQUEEZEE (PER INCH) (RED V SHAPE SCRAPPER)","2299","INCH","SCREEN MAKING ACCESSORIES","-","null","null","0","True","Sreeram","2026-03-08T14:57:16.308242","2026-03-08T14:57:16.308244"
"SQUEEZEE (PER INCH) (WHITE V SHAPE SCRAPPER)","2300","INCH","SCREEN MAKING ACCESSORIES","-","null","null","0","True","Sreeram","2026-03-08T14:57:16.308274","2026-03-08T14:57:16.308276"
"ALMINIUM SQUEEZEE (PER INCH)","2301","INCH","SCREEN MAKING ACCESSORIES","-","null","null","0","True","Sreeram","2026-03-08T14:57:16.308307","2026-03-08T14:57:16.308309"
"FUSING PAPER (KG)","2302","KG","SCREEN MAKING ACCESSORIES","-","null","null","0","True","Sreeram","2026-03-08T14:57:16.308366","2026-03-08T14:57:16.308368"
"FUSING PAPER (IMPORTED)","2303","KG","SCREEN MAKING ACCESSORIES","-","null","null","0","True","Sreeram","2026-03-08T14:57:16.308410","2026-03-08T14:57:16.308412"
"IP OIL","2304","NOS","SCREEN MAKING ACCESSORIES","-","null","null","0","True","Sreeram","2026-03-08T14:57:16.308446","2026-03-08T14:57:16.308448"
"LILLY PIN","2305","PCS","SCREEN MAKING ACCESSORIES","-","null","null","0","True","Sreeram","2026-03-08T14:57:16.308482","2026-03-08T14:57:16.308484"
"LIQUID AMMONIA (PER LIT, 35 LIT PACKING)","2306","LITRE","SCREEN MAKING ACCESSORIES","-","null","null","0","True","Sreeram","2026-03-08T14:57:16.308517","2026-03-08T14:57:16.308519"
"LIQUID AMMONIA (450 ML)","2307","NOS","SCREEN MAKING ACCESSORIES","-","null","null","0","True","Sreeram","2026-03-08T14:57:16.308553","2026-03-08T14:57:16.308555"
"PACKING TAPE 1”","2308","PCS","SCREEN MAKING ACCESSORIES","-","null","null","0","True","Sreeram","2026-03-08T14:57:16.308588","2026-03-08T14:57:16.308590"
"PACKING TAPE 2”","2309","PCS","SCREEN MAKING ACCESSORIES","-","null","null","0","True","Sreeram","2026-03-08T14:57:16.308622","2026-03-08T14:57:16.308624"
"PACKING TAPE 3”","2310","PCS","SCREEN MAKING ACCESSORIES","-","null","null","0","True","Sreeram","2026-03-08T14:57:16.308656","2026-03-08T14:57:16.308657"
"PATTI","2311","PCS","SCREEN MAKING ACCESSORIES","-","null","null","0","True","Sreeram","2026-03-08T14:57:16.308689","2026-03-08T14:57:16.308691"
"SCALE (24 INCHES)","2312","NOS","SCREEN MAKING ACCESSORIES","-","null","null","0","True","Sreeram","2026-03-08T14:57:16.308722","2026-03-08T14:57:16.308723"
"SCALE (12 INCHES)","2313","NOS","SCREEN MAKING ACCESSORIES","-","null","null","0","True","Sreeram","2026-03-08T14:57:16.308754","2026-03-08T14:57:16.308756"
"SCALE (6 INCHES)","2314","NOS","SCREEN MAKING ACCESSORIES","-","null","null","0","True","Sreeram","2026-03-08T14:57:16.308787","2026-03-08T14:57:16.308789"
"TRACING FILM","2315","MTR","SCREEN MAKING ACCESSORIES","-","null","null","0","True","Sreeram","2026-03-08T14:57:16.308820","2026-03-08T14:57:16.308822"
"WHITE OIL","2316","PCS","SCREEN MAKING ACCESSORIES","-","null","null","0","True","Sreeram","2026-03-08T14:57:16.308852","2026-03-08T14:57:16.308854"
"FUSING BED – SILICON","2317","PCS","SCREEN MAKING ACCESSORIES","-","null","null","0","True","Sreeram","2026-03-08T14:57:16.308886","2026-03-08T14:57:16.308888"
"FUSING BED – RUBBER","2318","PCS","SCREEN MAKING ACCESSORIES","-","null","null","0","True","Sreeram","2026-03-08T14:57:16.308918","2026-03-08T14:57:16.308920"
"NYLON MESH 20","2319","MTR","SCREEN MAKING ACCESSORIES","-","null","null","0","True","Sreeram","2026-03-08T14:57:16.308950","2026-03-08T14:57:16.308952"
"NYLON MESH 40","2320","MTR","SCREEN MAKING ACCESSORIES","-","null","null","0","True","Sreeram","2026-03-08T14:57:16.308982","2026-03-08T14:57:16.308984"
"NYLON MESH 60","2321","MTR","SCREEN MAKING ACCESSORIES","-","null","null","0","True","Sreeram","2026-03-08T14:57:16.309015","2026-03-08T14:57:16.309017"
"NYLON MESH 80","2322","MTR","SCREEN MAKING ACCESSORIES","-","null","null","0","True","Sreeram","2026-03-08T14:57:16.309047","2026-03-08T14:57:16.309049"
"NYLON MESH 100","2323","MTR","SCREEN MAKING ACCESSORIES","-","null","null","0","True","Sreeram","2026-03-08T14:57:16.309081","2026-03-08T14:57:16.309083"
"NYLON MESH 120","2324","MTR","SCREEN MAKING ACCESSORIES","DATT","null","null","0","True","Sreeram","2026-03-08T14:57:16.309115","2026-03-08T14:57:16.309117"
"NYLON MESH 120 NEW","2325","MTR","SCREEN MAKING ACCESSORIES","-","null","null","0","True","Sreeram","2026-03-08T14:57:16.309149","2026-03-08T14:57:16.309151"
"NYLON MESH 120 SPL","2326","MTR","SCREEN MAKING ACCESSORIES","RESHMI","null","null","0","True","Sreeram","2026-03-08T14:57:16.309183","2026-03-08T14:57:16.309185"
"NYLON MESH 140","2327","MTR","SCREEN MAKING ACCESSORIES","DATT","null","null","0","True","Sreeram","2026-03-08T14:57:16.309218","2026-03-08T14:57:16.309220"
"NYLON MESH 140 BLUE ","2328","MTR","SCREEN MAKING ACCESSORIES","-","null","null","0","True","Sreeram","2026-03-08T14:57:16.309252","2026-03-08T14:57:16.309254"
"NYLON MESH 140 SPL","2329","MTR","SCREEN MAKING ACCESSORIES","RESHMI","null","null","0","True","Sreeram","2026-03-08T14:57:16.309285","2026-03-08T14:57:16.309288"
"NYLON MESH 160","2330","MTR","SCREEN MAKING ACCESSORIES","DATT","null","null","0","True","Sreeram","2026-03-08T14:57:16.309319","2026-03-08T14:57:16.309320"
"NYLON MESH 160 SPL","2331","MTR","SCREEN MAKING ACCESSORIES","RESHMI","null","null","0","True","Sreeram","2026-03-08T14:57:16.309352","2026-03-08T14:57:16.309353"
"NYLON MESH 180","2332","MTR","SCREEN MAKING ACCESSORIES","DATT","null","null","0","True","Sreeram","2026-03-08T14:57:16.309384","2026-03-08T14:57:16.309386"
"NYLON MESH 200","2333","MTR","SCREEN MAKING ACCESSORIES","DATT","null","null","0","True","Sreeram","2026-03-08T14:57:16.309416","2026-03-08T14:57:16.309418"
"NYLON MESH 200 SPL","2334","MTR","SCREEN MAKING ACCESSORIES","-","null","null","0","True","Sreeram","2026-03-08T14:57:16.309449","2026-03-08T14:57:16.309451"
"POLYESTER MESH 40","2335","MTR","SCREEN MAKING ACCESSORIES","-","null","null","0","True","Sreeram","2026-03-08T14:57:16.309483","2026-03-08T14:57:16.309485"
"POLYESTER MESH 60","2336","MTR","SCREEN MAKING ACCESSORIES","-","null","null","0","True","Sreeram","2026-03-08T14:57:16.309516","2026-03-08T14:57:16.309518"
"POLYESTER MESH 80","2337","MTR","SCREEN MAKING ACCESSORIES","-","null","null","0","True","Sreeram","2026-03-08T14:57:16.309553","2026-03-08T14:57:16.309555"
"POLYESTER MESH 100","2338","MTR","SCREEN MAKING ACCESSORIES","-","null","null","0","True","Sreeram","2026-03-08T14:57:16.309586","2026-03-08T14:57:16.309588"
"POLYESTER MESH 120","2339","MTR","SCREEN MAKING ACCESSORIES","DATT","null","null","0","True","Sreeram","2026-03-08T14:57:16.309619","2026-03-08T14:57:16.309621"
"POLYESTER MESH 140","2340","MTR","SCREEN MAKING ACCESSORIES","DATT","null","null","0","True","Sreeram","2026-03-08T14:57:16.309652","2026-03-08T14:57:16.309654"
"POLYESTER MESH 160","2341","MTR","SCREEN MAKING ACCESSORIES","RESHMI","null","null","0","True","Sreeram","2026-03-08T14:57:16.309687","2026-03-08T14:57:16.309689"
"POLYESTER MESH 180","2342","MTR","SCREEN MAKING ACCESSORIES","-","null","null","0","True","Sreeram","2026-03-08T14:57:16.309720","2026-03-08T14:57:16.309722"
"POLYESTER MESH 200","2343","MTR","SCREEN MAKING ACCESSORIES","-","null","null","0","True","Sreeram","2026-03-08T14:57:16.309753","2026-03-08T14:57:16.309755"
"SULZAR MESH 80","2344","MTR","SCREEN MAKING ACCESSORIES","-","null","null","0","True","Sreeram","2026-03-08T14:57:16.309785","2026-03-08T14:57:16.309787"
"SULZAR MESH 100","2345","MTR","SCREEN MAKING ACCESSORIES","DATT","null","null","0","True","Sreeram","2026-03-08T14:57:16.309818","2026-03-08T14:57:16.309820"
"SULZAR MESH 120","2346","MTR","SCREEN MAKING ACCESSORIES","DATT","null","null","0","True","Sreeram","2026-03-08T14:57:16.309851","2026-03-08T14:57:16.309873"
"SULZAR MESH 140","2347","MTR","SCREEN MAKING ACCESSORIES","-","null","null","0","True","Sreeram","2026-03-08T14:57:16.309925","2026-03-08T14:57:16.309927"
"SULZAR MESH 160","2348","MTR","SCREEN MAKING ACCESSORIES","-","null","null","0","True","Sreeram","2026-03-08T14:57:16.309962","2026-03-08T14:57:16.309964"
"SULZAR MESH 180","2349","MTR","SCREEN MAKING ACCESSORIES","-","null","null","0","True","Sreeram","2026-03-08T14:57:16.309999","2026-03-08T14:57:16.310001"
"SULZAR MESH 200","2350","MTR","SCREEN MAKING ACCESSORIES","-","null","null","0","True","Sreeram","2026-03-08T14:57:16.310036","2026-03-08T14:57:16.310038"
"10T POLYESTER (25 MESH)","2351","MTR","SCREEN MAKING ACCESSORIES","IMPORTED","null","null","0","True","Sreeram","2026-03-08T14:57:16.310071","2026-03-08T14:57:16.310073"
"12T POLYESTER (30 MESH)","2352","MTR","SCREEN MAKING ACCESSORIES","IMPORTED","null","null","0","True","Sreeram","2026-03-08T14:57:16.310105","2026-03-08T14:57:16.310107"
"15T POLYESTER (40 MESH)","2353","MTR","SCREEN MAKING ACCESSORIES","IMPORTED","null","null","0","True","Sreeram","2026-03-08T14:57:16.310139","2026-03-08T14:57:16.310141"
"18T POLYESTER (45 MESH)","2354","MTR","SCREEN MAKING ACCESSORIES","IMPORTED","null","null","0","True","Sreeram","2026-03-08T14:57:16.310173","2026-03-08T14:57:16.310175"
"24T POLYESTER (60 MESH)","2355","MTR","SCREEN MAKING ACCESSORIES","IMPORTED","null","null","0","True","Sreeram","2026-03-08T14:57:16.310207","2026-03-08T14:57:16.310208"
"32T POLYESTER (80 MESH)","2356","MTR","SCREEN MAKING ACCESSORIES","IMPORTED","null","null","0","True","Sreeram","2026-03-08T14:57:16.310240","2026-03-08T14:57:16.310242"
"40T POLYESTER (100 MESH)","2357","MTR","SCREEN MAKING ACCESSORIES","IMPORTED","null","null","0","True","Sreeram","2026-03-08T14:57:16.310275","2026-03-08T14:57:16.310277"
"48T POLYESTER (120 MESH)","2358","MTR","SCREEN MAKING ACCESSORIES","IMPORTED","null","null","0","True","Sreeram","2026-03-08T14:57:16.310309","2026-03-08T14:57:16.310311"
"54T, 55T POLYESTER (140 MESH)","2359","MTR","SCREEN MAKING ACCESSORIES","IMPORTED","null","null","0","True","Sreeram","2026-03-08T14:57:16.310663","2026-03-08T14:57:16.310665"
"62T, 64T POLYESTER (160 MESH)","2360","MTR","SCREEN MAKING ACCESSORIES","IMPORTED","null","null","0","True","Sreeram","2026-03-08T14:57:16.310709","2026-03-08T14:57:16.310711"
"72T POLYESTER (180 MESH)","2361","MTR","SCREEN MAKING ACCESSORIES","IMPORTED","null","null","0","True","Sreeram","2026-03-08T14:57:16.310745","2026-03-08T14:57:16.310747"
"80T POLYESTER (200 MESH)","2362","MTR","SCREEN MAKING ACCESSORIES","IMPORTED","null","null","0","True","Sreeram","2026-03-08T14:57:16.310781","2026-03-08T14:57:16.310783"
"120T POLYESTER YELLOW (300 MESH)","2363","MTR","SCREEN MAKING ACCESSORIES","IMPORTED","null","null","0","True","Sreeram","2026-03-08T14:57:16.310817","2026-03-08T14:57:16.310819"
"A101 TRANSFER HD WHITE WB","2364","KG","W/B","-","null","null","0","True","Sreeram","2026-03-08T14:57:16.310851","2026-03-08T14:57:16.310853"
"B102 TRANSFER CLEAR HD WB","2365","KG","W/B","-","null","null","0","True","Sreeram","2026-03-08T14:57:16.310902","2026-03-08T14:57:16.310905"
"A103 TRANSFER MIDDLE CLEAR WB","2366","KG","W/B","-","null","null","0","True","Sreeram","2026-03-08T14:57:16.310947","2026-03-08T14:57:16.310950"
"A104 HOT MELT GLUE WB","2367","KG","W/B","CSC","null","null","0","True","Sreeram","2026-03-08T14:57:16.311000","2026-03-08T14:57:16.311003"
"3280 TABLE WHITE ","2368","KG","W/B","CSC","null","null","0","True","Sreeram","2026-03-08T14:57:16.311038","2026-03-08T14:57:16.311040"
"3280 MACHINE WHITE","2369","KG","W/B","CSC","null","null","0","True","Sreeram","2026-03-08T14:57:16.311072","2026-03-08T14:57:16.311074"
"STRETCH KHADI (MACHINE WHITE)","2370","KG","W/B","-","null","null","0","True","Sreeram","2026-03-08T14:57:16.311107","2026-03-08T14:57:16.311109"
"ANTEX XP 50 MACHINE ","2371","KG","W/B","-","null","null","0","True","Sreeram","2026-03-08T14:57:16.311141","2026-03-08T14:57:16.311143"
"3100 CLEAR TABLE","2372","KG","W/B","CSC","null","null","0","True","Sreeram","2026-03-08T14:57:16.311176","2026-03-08T14:57:16.311177"
"TABLE STONE CLEAR ","2373","KG","W/B","-","null","null","0","True","Sreeram","2026-03-08T14:57:16.311211","2026-03-08T14:57:16.311212"
"ECOTECH WHITE ","2374","KG","W/B","-","null","null","0","True","Sreeram","2026-03-08T14:57:16.311249","2026-03-08T14:57:16.311251"
"ECOTECH COLOURS","2375","KG","W/B","-","null","null","0","True","Sreeram","2026-03-08T14:57:16.311283","2026-03-08T14:57:16.311285"
"ECOSOL E1 WHITE","2376","KG","W/B","-","null","null","0","True","Sreeram","2026-03-08T14:57:16.311318","2026-03-08T14:57:16.311320"
"ECOSOL E1 CLEAR","2377","KG","W/B","-","null","null","0","True","Sreeram","2026-03-08T14:57:16.311353","2026-03-08T14:57:16.311355"
"GENISIS WHITE (POLYESTER)","2378","KG","W/B","CSC","null","null","0","True","Sreeram","2026-03-08T14:57:16.311387","2026-03-08T14:57:16.311389"
"GENESIS CLEAR (POLYESTER)","2379","KG","W/B","CSC","null","null","0","True","Sreeram","2026-03-08T14:57:16.311421","2026-03-08T14:57:16.311423"
"GENESIS THICKNER","2380","KG","W/B","CSC","null","null","0","True","Sreeram","2026-03-08T14:57:16.311455","2026-03-08T14:57:16.311457"
"TABLE READY BLACK","2381","KG","W/B","-","null","null","0","True","Sreeram","2026-03-08T14:57:16.311489","2026-03-08T14:57:16.311491"
"COLOUR BASE","2382","KG","W/B","-","null","null","0","True","Sreeram","2026-03-08T14:57:16.311522","2026-03-08T14:57:16.311524"
"BLACK","2383","KG","W/B","DUCOL","null","null","0","True","Sreeram","2026-03-08T14:57:16.311556","2026-03-08T14:57:16.311558"
"ORANGE","2384","KG","W/B","DUCOL","null","null","0","True","Sreeram","2026-03-08T14:57:16.311588","2026-03-08T14:57:16.311590"
"GREEN","2385","KG","W/B","DUCOL","null","null","0","True","Sreeram","2026-03-08T14:57:16.311622","2026-03-08T14:57:16.311624"
"CRIMSON RED, LAKE RED, BLOOD RED","2386","KG","W/B","DUCOL","null","null","0","True","Sreeram","2026-03-08T14:57:16.311659","2026-03-08T14:57:16.311662"
"FIRE RED","2387","KG","W/B","DUCOL","null","null","0","True","Sreeram","2026-03-08T14:57:16.311696","2026-03-08T14:57:16.311698"
"GOLDEN YELLOW","2388","KG","W/B","DUCOL","null","null","0","True","Sreeram","2026-03-08T14:57:16.311730","2026-03-08T14:57:16.311732"
"LEMON YELLOW","2389","KG","W/B","DUCOL","null","null","0","True","Sreeram","2026-03-08T14:57:16.311764","2026-03-08T14:57:16.311766"
"ROYAL BLUE","2390","KG","W/B","DUCOL","null","null","0","True","Sreeram","2026-03-08T14:57:16.311797","2026-03-08T14:57:16.311799"
"NAVY BLUE","2391","KG","W/B","DUCOL","null","null","0","True","Sreeram","2026-03-08T14:57:16.311829","2026-03-08T14:57:16.311831"
"TURQUISE BLUE","2392","KG","W/B","DUCOL","null","null","0","True","Sreeram","2026-03-08T14:57:16.311861","2026-03-08T14:57:16.311863"
"VIOLET","2393","KG","W/B","DUCOL","null","null","0","True","Sreeram","2026-03-08T14:57:16.311893","2026-03-08T14:57:16.311895"
"AUTO CRACK WHITE","2394","KG","W/B","-","null","null","0","True","Sreeram","2026-03-08T14:57:16.311925","2026-03-08T14:57:16.311927"
"AUTO CRACK WHITE NEW","2395","KG","W/B","-","null","null","0","True","Sreeram","2026-03-08T14:57:16.311958","2026-03-08T14:57:16.311960"
"AUTO CRACK BASE COAT","2396","KG","W/B","-","null","null","0","True","Sreeram","2026-03-08T14:57:16.311991","2026-03-08T14:57:16.311993"
"PEARL PASTE","2397","KG","W/B","-","null","null","0","True","Sreeram","2026-03-08T14:57:16.312025","2026-03-08T14:57:16.312027"
"HI SELF SHINE PEARL PASTE","2398","KG","W/B","-","null","null","0","True","Sreeram","2026-03-08T14:57:16.312058","2026-03-08T14:57:16.312060"
"TEXPRINT MCK (MANUAL CRACK)","2399","KG","W/B","-","null","null","0","True","Sreeram","2026-03-08T14:57:16.312090","2026-03-08T14:57:16.312092"
"ZAQ 10191 TRANS INK","2400","KG","W/B","-","null","null","0","True","Sreeram","2026-03-08T14:57:16.312124","2026-03-08T14:57:16.312125"
"B2 SILVER SIMMER M/C","2401","KG","W/B","-","null","null","0","True","Sreeram","2026-03-08T14:57:16.312156","2026-03-08T14:57:16.312158"
"ANTI FOIL GEL WITH FIXER","2402","KG","W/B","-","null","null","0","True","Sreeram","2026-03-08T14:57:16.312188","2026-03-08T14:57:16.312190"
"B2 HOT FOIL PASTE (CREDIT 800)","2403","KG","W/B","-","null","null","0","True","Sreeram","2026-03-08T14:57:16.312221","2026-03-08T14:57:16.312223"
"SKY DISCHARGE WHITE","2404","KG","W/B","-","null","null","0","True","Sreeram","2026-03-08T14:57:16.312253","2026-03-08T14:57:16.312255"
"CSC GENESIS GREY BASE","2405","KG","W/B","-","null","null","0","True","Sreeram","2026-03-08T14:57:16.312288","2026-03-08T14:57:16.312290"
"LYGRA GEL","2406","KG","W/B","-","null","null","0","True","Sreeram","2026-03-08T14:57:16.312320","2026-03-08T14:57:16.312322"
"SUPER PLASTIC PSS","2407","KG","W/B","-","null","null","0","True","Sreeram","2026-03-08T14:57:16.312354","2026-03-08T14:57:16.312356"
"COLD FIXING AGENT","2408","KG","W/B","-","null","null","0","True","Sreeram","2026-03-08T14:57:16.312410","2026-03-08T14:57:16.312412"
"SILVER COLOUR BASE","2409","KG","W/B","-","null","null","0","True","Sreeram","2026-03-08T14:57:16.312450","2026-03-08T14:57:16.312452"
"FIXER N","2410","KG","W/B","-","null","null","0","True","Sreeram","2026-03-08T14:57:16.312486","2026-03-08T14:57:16.312488"
"FS-ANTI MIGRATION WHITE RUBBER PASTE","2411","KG","W/B","-","null","null","0","True","Sreeram","2026-03-08T14:57:16.312522","2026-03-08T14:57:16.312524"
"VELVET FOAM","2412","KG","W/B","-","null","null","0","True","Sreeram","2026-03-08T14:57:16.312556","2026-03-08T14:57:16.312558"
"BURNO OUT PASTE","2413","KG","W/B","-","null","null","0","True","Sreeram","2026-03-08T14:57:16.312590","2026-03-08T14:57:16.312592"
"BAIRAVI PU GLOSSY GEL (BILL CATALYST 2%)","2414","KG","W/B","-","null","null","0","True","Sreeram","2026-03-08T14:57:16.312623","2026-03-08T14:57:16.312627"
"COPPER SIMMER W/B","2415","KG","W/B","-","null","null","0","True","Sreeram","2026-03-08T14:57:16.312657","2026-03-08T14:57:16.312659"
"XL FOAM","2416","KG","W/B","DUCOL","null","null","0","True","Sreeram","2026-03-08T14:57:16.312690","2026-03-08T14:57:16.312692"
"OIL PASTE","2417","KG","W/B","-","null","null","0","True","Sreeram","2026-03-08T14:57:16.312724","2026-03-08T14:57:16.312726"
"WATER PASTE","2418","KG","W/B","-","null","null","0","True","Sreeram","2026-03-08T14:57:16.312759","2026-03-08T14:57:16.312761"
"IMP. WATER PASTE","2419","KG","W/B","-","null","null","0","True","Sreeram","2026-03-08T14:57:16.312793","2026-03-08T14:57:16.312795"
"DISCHARGE WHITE","2420","KG","W/B","PIDILITE","null","null","0","True","Sreeram","2026-03-08T14:57:16.312829","2026-03-08T14:57:16.312830"
"DISCHARGE CLEAR","2421","KG","W/B","PIDILITE","null","null","0","True","Sreeram","2026-03-08T14:57:16.312864","2026-03-08T14:57:16.312866"
"DISCHARGE WHITE","2422","KG","W/B","ELECTRON","null","null","0","True","Sreeram","2026-03-08T14:57:16.312899","2026-03-08T14:57:16.312901"
"DISCHARGE CLEAR","2423","KG","W/B","ELECTRON","null","null","0","True","Sreeram","2026-03-08T14:57:16.312932","2026-03-08T14:57:16.312934"
"DISCHARGE ACTIVATOR","2424","KG","W/B","-","null","null","0","True","Sreeram","2026-03-08T14:57:16.312965","2026-03-08T14:57:16.312967"
"MIXING AID (NON CHOCKING OIL)","2425","KG","W/B","-","null","null","0","True","Sreeram","2026-03-08T14:57:16.313000","2026-03-08T14:57:16.313002"
"LM FOIL GEL","2426","KG","W/B","-","null","null","0","True","Sreeram","2026-03-08T14:57:16.313035","2026-03-08T14:57:16.313037"
"PROCESS COLORS (CYMK)","2427","KG","W/B","-","null","null","0","True","Sreeram","2026-03-08T14:57:16.313069","2026-03-08T14:57:16.313071"
"GRAFCO FLUO. COLORS (YELLOW, MAJENTHA, PINK, ORANGE, GREEN)","2428","KG","W/B","-","null","null","0","True","Sreeram","2026-03-08T14:57:16.313102","2026-03-08T14:57:16.313104"
"GHADI (ARTEX)","2429","KG","W/B","-","null","null","0","True","Sreeram","2026-03-08T14:57:16.313136","2026-03-08T14:57:16.313138"
"TEXAPRINT AFK","2430","KG","W/B","-","null","null","0","True","Sreeram","2026-03-08T14:57:16.313170","2026-03-08T14:57:16.313172"
"SPL. FOAM","2431","KG","W/B","-","null","null","0","True","Sreeram","2026-03-08T14:57:16.313204","2026-03-08T14:57:16.313206"
"MATTING AGENT","2432","KG","W/B","-","null","null","0","True","Sreeram","2026-03-08T14:57:16.313236","2026-03-08T14:57:16.313238"
"GERMAN WHITE","2433","KG","W/B","-","null","null","0","True","Sreeram","2026-03-08T14:57:16.313269","2026-03-08T14:57:16.313271"
"008 CATALYST","2434","KG","W/B","-","null","null","0","True","Sreeram","2026-03-08T14:57:16.313302","2026-03-08T14:57:16.313304"
"BRIGHT SILVER SIMMER READYMIX W/B","2435","KG","W/B","-","null","null","0","True","Sreeram","2026-03-08T14:57:16.313335","2026-03-08T14:57:16.313337"
"BRIGHT GOLD SIMMER READYMIX W/B","2436","KG","W/B","-","null","null","0","True","Sreeram","2026-03-08T14:57:16.313375","2026-03-08T14:57:16.313377"
"SUPER SOFT WHITE","2437","KG","W/B","-","null","null","0","True","Sreeram","2026-03-08T14:57:16.313420","2026-03-08T14:57:16.313422"
"SUPER SOFT CLEAR","2438","KG","W/B","-","null","null","0","True","Sreeram","2026-03-08T14:57:16.313457","2026-03-08T14:57:16.313459"
"PERFECT WHITE","2439","KG","W/B","-","null","null","0","True","Sreeram","2026-03-08T14:57:16.313492","2026-03-08T14:57:16.313494"
"PERFECT CLEAR","2440","KG","W/B","-","null","null","0","True","Sreeram","2026-03-08T14:57:16.313527","2026-03-08T14:57:16.313528"
"SUPER ARREST WHITE","2441","KG","W/B","-","null","null","0","True","Sreeram","2026-03-08T14:57:16.313562","2026-03-08T14:57:16.313564"
"B2 FOAM","2442","KG","W/B","B2","null","null","0","True","Sreeram","2026-03-08T14:57:16.313597","2026-03-08T14:57:16.313599"
"424 STRETCH WHITE","2443","KG","W/B","-","null","null","0","True","Sreeram","2026-03-08T14:57:16.313632","2026-03-08T14:57:16.313634"
"424 STRETCH CLEAR","2444","KG","W/B","-","null","null","0","True","Sreeram","2026-03-08T14:57:16.313779","2026-03-08T14:57:16.313783"
"DIGITAL WHITE","2445","KG","W/B","-","null","null","0","True","Sreeram","2026-03-08T14:57:16.313831","2026-03-08T14:57:16.313833"
"DIGITAL CLEAR","2446","KG","W/B","-","null","null","0","True","Sreeram","2026-03-08T14:57:16.313869","2026-03-08T14:57:16.313871"
"YELLOW SPARKLE GLITTER 8 MM","2447","KG","PRINTING ADD ON","-","null","null","0","True","Sreeram","2026-03-08T14:57:16.313907","2026-03-08T14:57:16.313909"
"YELLOW SPARKLE GLITTER 4 MM","2448","KG","PRINTING ADD ON","-","null","null","0","True","Sreeram","2026-03-08T14:57:16.313942","2026-03-08T14:57:16.313944"
"GENESIS GREY BASE","2449","KG","W/B","-","null","null","0","True","Sreeram","2026-03-08T14:57:16.313976","2026-03-08T14:57:16.313978"
"LIQUID THICKNER","2450","KG","PRINTING ADD ON","-","null","null","0","True","Sreeram","2026-03-08T14:57:16.314011","2026-03-08T14:57:16.314014"
"PEARL PASTE READYMIX OB","2451","KG","TPL","-","null","null","0","True","Sreeram","2026-03-08T14:57:16.314046","2026-03-08T14:57:16.314048"
"SRIVY 9044 REDUCER","2452","KG","PRINTING ADD ON","-","null","null","0","True","Sreeram","2026-03-08T14:57:16.314082","2026-03-08T14:57:16.314084"
"SRIVY 9044 REDUCER (5 LIT.)","2453","KG","PRINTING ADD ON","-","null","null","0","True","Sreeram","2026-03-08T14:57:16.314118","2026-03-08T14:57:16.314120"
"SOAP OIL","2454","KG","PRINTING ADD ON","-","null","null","0","True","Sreeram","2026-03-08T14:57:16.314152","2026-03-08T14:57:16.314154"
"HOT MELT POWDER 80-200","2455","KG","STICKER","-","null","null","0","True","Sreeram","2026-03-08T14:57:16.314187","2026-03-08T14:57:16.314189"
"HOT MELT POWDER 0-80","2456","KG","STICKER","-","null","null","0","True","Sreeram","2026-03-08T14:57:16.314222","2026-03-08T14:57:16.314224"
"HOT MELT POWDER 0-80 POLYESTER","2457","KG","STICKER","-","null","null","0","True","Sreeram","2026-03-08T14:57:16.314260","2026-03-08T14:57:16.314262"
"HOT MELT POWDER BLACK","2458","KG","STICKER","-","null","null","0","True","Sreeram","2026-03-08T14:57:16.314295","2026-03-08T14:57:16.314297"
"HOT MELT GLUE/GUM SHEET(PIDILITE)","2459","KG","PRINTING ADD ON","-","null","null","0","True","Sreeram","2026-03-08T14:57:16.314329","2026-03-08T14:57:16.314331"
"HOT MELT GLUE/GUM SHEET NEW (40”X40”)","2460","KG","PRINTING ADD ON","-","null","null","0","True","Sreeram","2026-03-08T14:57:16.314362","2026-03-08T14:57:16.314364"
"FLOCK SHEET (20”X25”) G.YELLOW, GREEN, D.GREEN, RED, BLACK, OFF WHITE, NAVYBLLUE","2461","KG","PRINTING ADD ON","-","null","null","0","True","Sreeram","2026-03-08T14:57:16.314395","2026-03-08T14:57:16.314397"
"GLYCERIN","2462","KG","PRINTING ADD ON","-","null","null","0","True","Sreeram","2026-03-08T14:57:16.314429","2026-03-08T14:57:16.314431"
"DAP","2463","KG","PRINTING ADD ON","-","null","null","0","True","Sreeram","2026-03-08T14:57:16.314462","2026-03-08T14:57:16.314464"
"FLOCK POWDER","2464","KG","PRINTING ADD ON","-","null","null","0","True","Sreeram","2026-03-08T14:57:16.314496","2026-03-08T14:57:16.314498"
"FLOCK POWDER (0.5 MM)","2465","KG","PRINTING ADD ON","-","null","null","0","True","Sreeram","2026-03-08T14:57:16.314530","2026-03-08T14:57:16.314532"
"FLOCK POWDER (HEAT RESISTANCE)","2466","KG","PRINTING ADD ON","-","null","null","0","True","Sreeram","2026-03-08T14:57:16.314564","2026-03-08T14:57:16.314566"
"BEADS","2467","KG","PRINTING ADD ON","-","null","null","0","True","Sreeram","2026-03-08T14:57:16.314599","2026-03-08T14:57:16.314601"
"BEADS SMALL","2468","KG","PRINTING ADD ON","-","null","null","0","True","Sreeram","2026-03-08T14:57:16.314633","2026-03-08T14:57:16.314635"
"METALLIC BEADS","2469","KG","PRINTING ADD ON","-","null","null","0","True","Sreeram","2026-03-08T14:57:16.314666","2026-03-08T14:57:16.314668"
"THICKENER POWDER","2470","KG","PRINTING ADD ON","-","null","null","0","True","Sreeram","2026-03-08T14:57:16.314699","2026-03-08T14:57:16.314701"
"PEARL POWDER","2471","KG","PRINTING ADD ON","-","null","null","0","True","Sreeram","2026-03-08T14:57:16.314731","2026-03-08T14:57:16.314733"
"PEARL POWDER (TOYS)","2472","KG","PRINTING ADD ON","-","null","null","0","True","Sreeram","2026-03-08T14:57:16.314763","2026-03-08T14:57:16.314765"
"BUTTER PAPER (20” X 11”) TISSUE","2473","KG","PRINTING ADD ON","-","null","null","0","True","Sreeram","2026-03-08T14:57:16.314796","2026-03-08T14:57:16.314798"
"YELLOW GUM POWDER","2474","KG","PRINTING ADD ON","-","null","null","0","True","Sreeram","2026-03-08T14:57:16.314828","2026-03-08T14:57:16.314830"
"CEEPAL","2475","KG","PRINTING ADD ON","-","null","null","0","True","Sreeram","2026-03-08T14:57:16.314860","2026-03-08T14:57:16.314862"
"TEFLON SHEET SHINING","2476","KG","PRINTING ADD ON","-","null","null","0","True","Sreeram","2026-03-08T14:57:16.314907","2026-03-08T14:57:16.314909"
"TEFLON SHEET MATT","2477","KG","PRINTING ADD ON","-","null","null","0","True","Sreeram","2026-03-08T14:57:16.314950","2026-03-08T14:57:16.314952"
"TEXTILE PRINTING PALETTE PAPER","2478","KG","PRINTING ADD ON","-","null","null","0","True","Sreeram","2026-03-08T14:57:16.314986","2026-03-08T14:57:16.314988"
"TEMPERATURE STRIP (120 C 171 C)","2479","KG","PRINTING ADD ON","-","null","null","0","True","Sreeram","2026-03-08T14:57:16.315021","2026-03-08T14:57:16.315023"
"GRAFCO PRINT REMOVER","2480","KG","PRINTING ADD ON","-","null","null","0","True","Sreeram","2026-03-08T14:57:16.315056","2026-03-08T14:57:16.315058"
"HOT MELT POWDER ANTI MIGRATION POWDER","2481","KG","STICKER","-","null","null","0","True","Sreeram","2026-03-08T14:57:16.315090","2026-03-08T14:57:16.315092"
"FIXER 104","2482","KG","W/B","-","null","null","0","True","Sreeram","2026-03-08T14:57:16.315133","2026-03-08T14:57:16.315136"
"MATT POWDER","2483","KG","PRINTING ADD ON","-","null","null","0","True","Sreeram","2026-03-08T14:57:16.315186","2026-03-08T14:57:16.315237"
"FUSING SHEET","2484","KG","PRINTING ADD ON","-","null","null","0","True","Sreeram","2026-03-08T14:57:16.315368","2026-03-08T14:57:16.315372"
"FOIL GEL","2485","KG","W/B","-","null","null","0","True","Sreeram","2026-03-08T14:57:16.315421","2026-03-08T14:57:16.315423"
"WHITE FABRIC REMOVING OIL","2486","KG","PRINTING ADD ON","-","null","null","0","True","Sreeram","2026-03-08T14:57:16.315462","2026-03-08T14:57:16.315464"
"SSIAC PRINT REMOVER NEW","2487","KG","PRINTING ADD ON","-","null","null","0","True","Sreeram","2026-03-08T14:57:16.315504","2026-03-08T14:57:16.315506"
"KYB REDUCER","2488","KG","PRINTING ADD ON","-","null","null","0","True","Sreeram","2026-03-08T14:57:16.315542","2026-03-08T14:57:16.315544"
"DTF POWDER","2489","KG","PRINTING ADD ON","-","null","null","0","True","Sreeram","2026-03-08T14:57:16.315580","2026-03-08T14:57:16.315582"
"SUPER BOND ECO FRIENDLY (1 KG)","2490","KG","SCREEN MAKING ACCESSORIES","-","null","null","0","True","Sreeram","2026-03-08T14:57:16.315617","2026-03-08T14:57:16.315619"
"SUPER BOND ECO FRIENDLY (5 KG PACKING) (PER KG)","2491","KG","SCREEN MAKING ACCESSORIES","-","null","null","0","True","Sreeram","2026-03-08T14:57:16.315652","2026-03-08T14:57:16.315654"
"SUPER BOND PS 1 KG","2492","KG","SCREEN MAKING ACCESSORIES","-","null","null","0","True","Sreeram","2026-03-08T14:57:16.315688","2026-03-08T14:57:16.315690"
"SUPER BOND PS 5 KGS.","2493","KG","SCREEN MAKING ACCESSORIES","-","null","null","0","True","Sreeram","2026-03-08T14:57:16.315722","2026-03-08T14:57:16.315724"
"SUPER BOND SHE","2494","KG","SCREEN MAKING ACCESSORIES","-","null","null","0","True","Sreeram","2026-03-08T14:57:16.315775","2026-03-08T14:57:16.315778"
"PIDIVYL TGPF (1 KG)","2495","KG","SCREEN MAKING ACCESSORIES","-","null","null","0","True","Sreeram","2026-03-08T14:57:16.315842","2026-03-08T14:57:16.315845"
"PIDIVYL TGPF (7.5 KGS)","2496","KG","SCREEN MAKING ACCESSORIES","-","null","null","0","True","Sreeram","2026-03-08T14:57:16.315903","2026-03-08T14:57:16.315906"
"EMDILITH DM 45 (1 OR 2 KGS PACKING)","2497","KG","SCREEN MAKING ACCESSORIES","-","null","null","0","True","Sreeram","2026-03-08T14:57:16.315968","2026-03-08T14:57:16.315972"
"EMDILITH DM 45 (5 KG PACKING)","2498","KG","SCREEN MAKING ACCESSORIES","-","null","null","0","True","Sreeram","2026-03-08T14:57:16.316036","2026-03-08T14:57:16.316039"
"EMDILITH DM 47 (50 KG PACKING)","2499","KG","SCREEN MAKING ACCESSORIES","-","null","null","0","True","Sreeram","2026-03-08T14:57:16.316101","2026-03-08T14:57:16.316107"
"EMDILITH DM 58 (50 KGS. PACKING)","2500","KG","SCREEN MAKING ACCESSORIES","-","null","null","0","True","Sreeram","2026-03-08T14:57:16.316166","2026-03-08T14:57:16.316170"
"TAKTER 600 ML","2501","PCS","SCREEN MAKING ACCESSORIES","-","null","null","0","True","Sreeram","2026-03-08T14:57:16.316231","2026-03-08T14:57:16.316234"
"RADIUM NORMAL GREEN POWDER (W/B)","2502","KG","PRINTING ADD ON","-","null","null","0","True","Sreeram","2026-03-08T14:57:16.316297","2026-03-08T14:57:16.316300"
"RADIUM LONG GLOW GREEN POWDER (W/B)","2503","KG","PRINTING ADD ON","-","null","null","0","True","Sreeram","2026-03-08T14:57:16.316416","2026-03-08T14:57:16.316421"
"RADIUM LONG GLOW GREEN POWDER (O/B)","2504","KG","PRINTING ADD ON","-","null","null","0","True","Sreeram","2026-03-08T14:57:16.316518","2026-03-08T14:57:16.316520"
"RADIUM ORANGE POWDER (W/B)","2505","KG","PRINTING ADD ON","-","null","null","0","True","Sreeram","2026-03-08T14:57:16.316574","2026-03-08T14:57:16.316576"
"READYMIX NORMAL GREEN (W/B)","2506","KG","PRINTING ADD ON","-","null","null","0","True","Sreeram","2026-03-08T14:57:16.316634","2026-03-08T14:57:16.316638"
"READYMIX LONG GLOW GREEN (W/B)","2507","KG","PRINTING ADD ON","-","null","null","0","True","Sreeram","2026-03-08T14:57:16.316714","2026-03-08T14:57:16.316717"
"READYMIX LONG GLOW GREEN (O/B)","2508","KG","PRINTING ADD ON","-","null","null","0","True","Sreeram","2026-03-08T14:57:16.316789","2026-03-08T14:57:16.316792"
"READYMIX ORANGE (W/B)","2509","KG","PRINTING ADD ON","-","null","null","0","True","Sreeram","2026-03-08T14:57:16.316851","2026-03-08T14:57:16.316855"
"READYMIX YELLOW (W/B)","2510","KG","PRINTING ADD ON","-","null","null","0","True","Sreeram","2026-03-08T14:57:16.316922","2026-03-08T14:57:16.316926"
"READYMIX WHITE (W/B)","2511","KG","PRINTING ADD ON","-","null","null","0","True","Sreeram","2026-03-08T14:57:16.316989","2026-03-08T14:57:16.316992"
"READYMIX RED (W/B)","2512","KG","PRINTING ADD ON","-","null","null","0","True","Sreeram","2026-03-08T14:57:16.317064","2026-03-08T14:57:16.317067"
"READYMIX ROSERED (W/B)","2513","KG","PRINTING ADD ON","-","null","null","0","True","Sreeram","2026-03-08T14:57:16.317125","2026-03-08T14:57:16.317128"
"READYMIX SKY BLUE (W/B)","2514","KG","PRINTING ADD ON","-","null","null","0","True","Sreeram","2026-03-08T14:57:16.317186","2026-03-08T14:57:16.317189"
"READYMIX GREENISH BLUE (W/B)","2515","KG","PRINTING ADD ON","-","null","null","0","True","Sreeram","2026-03-08T14:57:16.317284","2026-03-08T14:57:16.317288"
"READYMIX BLUE (O/B)","2516","KG","PRINTING ADD ON","-","null","null","0","True","Sreeram","2026-03-08T14:57:16.317370","2026-03-08T14:57:16.317373"
"SILVER SPOON NO. 1","2517","PCS","PRINTING ADD ON","-","null","null","0","True","Sreeram","2026-03-08T14:57:16.317420","2026-03-08T14:57:16.317422"
"SILVER SPOON NO. 2","2518","PCS","PRINTING ADD ON","-","null","null","0","True","Sreeram","2026-03-08T14:57:16.317462","2026-03-08T14:57:16.317464"
"SILVER SPOON NO. 3","2519","PCS","PRINTING ADD ON","-","null","null","0","True","Sreeram","2026-03-08T14:57:16.317502","2026-03-08T14:57:16.317504"
"SILVER SPOON NO. 4","2520","PCS","PRINTING ADD ON","-","null","null","0","True","Sreeram","2026-03-08T14:57:16.317542","2026-03-08T14:57:16.317544"
"SILVER SPOON NO. 5","2521","PCS","PRINTING ADD ON","-","null","null","0","True","Sreeram","2026-03-08T14:57:16.317580","2026-03-08T14:57:16.317582"
"SILVER SPOON NO. 6","2522","PCS","PRINTING ADD ON","-","null","null","0","True","Sreeram","2026-03-08T14:57:16.317618","2026-03-08T14:57:16.317620"
"SILVER SPOON – 18”","2523","PCS","PRINTING ADD ON","-","null","null","0","True","Sreeram","2026-03-08T14:57:16.317665","2026-03-08T14:57:16.317667"
"SILVER SPOON – 21”","2524","PCS","PRINTING ADD ON","-","null","null","0","True","Sreeram","2026-03-08T14:57:16.317701","2026-03-08T14:57:16.317703"
"AX-703/1E26 EVA PRIMER AID","2525","KG","O/B","EVA INKS","null","null","0","True","Sreeram","2026-03-08T14:57:16.317748","2026-03-08T14:57:16.317751"
"EVA-1001/25D7 SPECIALITY INKS EVASTICK WHITE","2526","KG","O/B","EVA INKS","null","null","0","True","Sreeram","2026-03-08T14:57:16.317790","2026-03-08T14:57:16.317792"
"EVA-1012/1E17 SPECIALITY INKS EVASTICK LEMON YELLOW","2527","KG","O/B","EVA INKS","null","null","0","True","Sreeram","2026-03-08T14:57:16.317830","2026-03-08T14:57:16.317832"
"EVA-1014/1E17 SPECIALITY INKS EVASTICK PERMANENT BLUE","2528","KG","O/B","EVA INKS","null","null","0","True","Sreeram","2026-03-08T14:57:16.317866","2026-03-08T14:57:16.317868"
"EVA-1015/1E17 SPECIALITY INKS EVASTICK VIVID GREEN","2529","KG","O/B","EVA INKS","null","null","0","True","Sreeram","2026-03-08T14:57:16.317902","2026-03-08T14:57:16.317904"
"EVA-1016/1E17 SPECIALITY INKS EVASTICK OPAQ WHITE","2530","KG","O/B","EVA INKS","null","null","0","True","Sreeram","2026-03-08T14:57:16.317948","2026-03-08T14:57:16.317950"
"EVA-1025/1E17 SPECIALITY INKS EVASTICK GOLDEN YELLOW","2531","KG","O/B","EVA INKS","null","null","0","True","Sreeram","2026-03-08T14:57:16.317992","2026-03-08T14:57:16.317995"
"EVA-1032/1E17 SPECIALITY INKS EVASTICK RICH ROYAL BLUE","2532","KG","O/B","EVA INKS","null","null","0","True","Sreeram","2026-03-08T14:57:16.318230","2026-03-08T14:57:16.318235"
"EVA-1034/1E17 SPECIALITY INKS EVASTICK BRIGHT VIOLET","2533","KG","O/B","EVA INKS","null","null","0","True","Sreeram","2026-03-08T14:57:16.318736","2026-03-08T14:57:16.318743"
"EVA-1040/1E17 SPECIALITY INKS EVASTICK POST OFFICE RED","2534","KG","O/B","EVA INKS","null","null","0","True","Sreeram","2026-03-08T14:57:16.318864","2026-03-08T14:57:16.318868"
"EVA-1091/1E17 SPECIALITY INKS EVASTICK LEMON YELLOW","2535","KG","O/B","EVA INKS","null","null","0","True","Sreeram","2026-03-08T14:57:16.318948","2026-03-08T14:57:16.318952"
"EVA-1096/1E17 SPECIALITY INKS EVASTICK GREEN","2536","KG","O/B","EVA INKS","null","null","0","True","Sreeram","2026-03-08T14:57:16.319024","2026-03-08T14:57:16.319028"
"EVA-1102/1E17 SPECIALITY INKS EVASTICK 021C ORANGE","2537","KG","O/B","EVA INKS","null","null","0","True","Sreeram","2026-03-08T14:57:16.319093","2026-03-08T14:57:16.319096"
"EVA-2192/1E17 SPECIALITY INKS OPAQ WHITE","2538","KG","O/B","EVA INKS","null","null","0","True","Sreeram","2026-03-08T14:57:16.319163","2026-03-08T14:57:16.319166"
"EVA-2195/1E17 SPECIALITY INKS BRIGHT RED","2539","KG","O/B","EVA INKS","null","null","0","True","Sreeram","2026-03-08T14:57:16.319230","2026-03-08T14:57:16.319234"
"EVA-2196/1E17 SPECIALITY INKS DARK BLUE","2540","KG","O/B","EVA INKS","null","null","0","True","Sreeram","2026-03-08T14:57:16.319294","2026-03-08T14:57:16.319297"
"EVA-601/1E17 SPECIALITY INKS EVASTICK RED","2541","KG","O/B","EVA INKS","null","null","0","True","Sreeram","2026-03-08T14:57:16.319354","2026-03-08T14:57:16.319357"
"EVA-901/1E17 EVA FAST DRYING REDUCING AID","2542","KG","O/B","EVA INKS","null","null","0","True","Sreeram","2026-03-08T14:57:16.319413","2026-03-08T14:57:16.319416"
"EVA-1010/1E17 SPECIALITY INKS DENSE BLACK","2543","KG","O/B","EVA INKS","null","null","0","True","Sreeram","2026-03-08T14:57:16.319462","2026-03-08T14:57:16.319465"
"EVA-1095/1E17 SPECIALITY INKS EVASTIC SKYBLUE","2544","KG","O/B","EVA INKS","null","null","0","True","Sreeram","2026-03-08T14:57:16.319501","2026-03-08T14:57:16.319503"
"EVA-161/1E17 SPECIALITY INKS EVASTIC GREEN","2545","KG","O/B","EVA INKS","null","null","0","True","Sreeram","2026-03-08T14:57:16.319537","2026-03-08T14:57:16.319539"
"EVA-151/1E17 SPECIALITY INKS EVASTIC ULTRA BLUE","2546","KG","O/B","EVA INKS","null","null","0","True","Sreeram","2026-03-08T14:57:16.319575","2026-03-08T14:57:16.319577"
"TEXCRON BLACK NGB","2547","KG","W/B","PIDILITE","null","null","0","True","Sreeram","2026-03-08T14:57:16.319615","2026-03-08T14:57:16.319617"
"TEXCRON BLACK NFD TE","2548","KG","W/B","PIDILITE","null","null","0","True","Sreeram","2026-03-08T14:57:16.319651","2026-03-08T14:57:16.319653"
"TEXCRON BLUE B S/C","2549","KG","W/B","PIDILITE","null","null","0","True","Sreeram","2026-03-08T14:57:16.319686","2026-03-08T14:57:16.319688"
"TEXCRON BLUE BN S/C","2550","KG","W/B","PIDILITE","null","null","0","True","Sreeram","2026-03-08T14:57:16.319721","2026-03-08T14:57:16.319723"
"TEXCRON BRILL PINK CP S/C","2551","KG","W/B","PIDILITE","null","null","0","True","Sreeram","2026-03-08T14:57:16.319757","2026-03-08T14:57:16.319759"
"TEXCRON BRILL RED PEGB S/C","2552","KG","W/B","PIDILITE","null","null","0","True","Sreeram","2026-03-08T14:57:16.319793","2026-03-08T14:57:16.319795"
"TEXCRON BRILL RED PEGR S/C","2553","KG","W/B","PIDILITE","null","null","0","True","Sreeram","2026-03-08T14:57:16.319828","2026-03-08T14:57:16.319830"
"TEXCRON BROWN GR","2554","KG","W/B","PIDILITE","null","null","0","True","Sreeram","2026-03-08T14:57:16.319865","2026-03-08T14:57:16.319867"
"TEXCRON GOLDEN YELLOW KRM","2555","KG","W/B","PIDILITE","null","null","0","True","Sreeram","2026-03-08T14:57:16.319900","2026-03-08T14:57:16.319902"
"TEXCRON GREEN G S/C","2556","KG","W/B","PIDILITE","null","null","0","True","Sreeram","2026-03-08T14:57:16.319935","2026-03-08T14:57:16.319937"
"TEXCRON NAVY BLUE BRJ S/C","2557","KG","W/B","PIDILITE","null","null","0","True","Sreeram","2026-03-08T14:57:16.319975","2026-03-08T14:57:16.319977"
"TEXCRON ORANGE PERG","2558","KG","W/B","PIDILITE","null","null","0","True","Sreeram","2026-03-08T14:57:16.320011","2026-03-08T14:57:16.320013"
"TEXCRON RED VIOLET RK","2559","KG","W/B","PIDILITE","null","null","0","True","Sreeram","2026-03-08T14:57:16.320057","2026-03-08T14:57:16.320060"
"TEXCRON RED RP XF","2560","KG","W/B","PIDILITE","null","null","0","True","Sreeram","2026-03-08T14:57:16.320101","2026-03-08T14:57:16.320104"
"TEXCRON RUBINE PE-BC","2561","KG","W/B","PIDILITE","null","null","0","True","Sreeram","2026-03-08T14:57:16.320140","2026-03-08T14:57:16.320142"
"TEXCRON TURQUISE BLUE BCD S/C","2562","KG","W/B","PIDILITE","null","null","0","True","Sreeram","2026-03-08T14:57:16.320177","2026-03-08T14:57:16.320179"
"TEXCRON VIOLET MB","2563","KG","W/B","PIDILITE","null","null","0","True","Sreeram","2026-03-08T14:57:16.320213","2026-03-08T14:57:16.320215"
"TEXCRON YELLOW SGP","2564","KG","W/B","PIDILITE","null","null","0","True","Sreeram","2026-03-08T14:57:16.320249","2026-03-08T14:57:16.320251"
"TEXCRON ORANGE PFG","2565","KG","W/B","PIDILITE","null","null","0","True","Sreeram","2026-03-08T14:57:16.320284","2026-03-08T14:57:16.320286"
"TEXCRON YELLOW GRKW S/C","2566","KG","W/B","PIDILITE","null","null","0","True","Sreeram","2026-03-08T14:57:16.320319","2026-03-08T14:57:16.320321"
"TEXCRON YELLOW RAL XF","2567","KG","W/B","PIDILITE","null","null","0","True","Sreeram","2026-03-08T14:57:16.320356","2026-03-08T14:57:16.320358"
"TEXCRON BRILL RED HB 200","2568","KG","W/B","PIDILITE","null","null","0","True","Sreeram","2026-03-08T14:57:16.320391","2026-03-08T14:57:16.320393"
"PHOTOCHROMIC","2569","KG","SPECIAL INKS","-","null","null","0","True","Sreeram","2026-03-08T14:57:16.320426","2026-03-08T14:57:16.320428"
"THERMOCHROMIC","2570","KG","SPECIAL INKS","-","null","null","0","True","Sreeram","2026-03-08T14:57:16.320463","2026-03-08T14:57:16.320465"
"FRAGRANCE","2571","KG","SPECIAL INKS","-","null","null","0","True","Sreeram","2026-03-08T14:57:16.320497","2026-03-08T14:57:16.320499"
